"施設名","エリア記号","掲載区分","カテゴリ","住所","電話番号","公式サイトURL","パークへのアクセス(主)","もう一方のパークへのアクセス","パーク間移動・補足","屋根付き移動","予備1","予備2","予備3","空港リムジン停留所","最寄りJR駅","JR駅への徒歩アクセス","パークへの路線バス・モノレール","パークへの徒歩","浦安/新浦安駅方面バス","都心へのアクセス","羽田空港へ","成田空港へ","コンビニ・売店","スーパー","客室","大浴場","コインランドリー","駐車場","荷物預かり","朝食","チェックイン/アウト","Wi-Fi・多言語対応","概要・特徴","価格帯","キャッチコピー","最終更新日","英語表記","中国語表記","韓国語表記","英語公式URL","中国語公式URL","韓国語公式URL","slug","緯度","経度","機能フラグ","最低価格","特徴ラベル","表示名","館内店舗ID","最寄コンビニID","最寄ドラッグID","最寄スーパーID","楽天トラベルURL","じゃらんURL","BookingURL","AgodaURL"
"東京ディズニーランドホテル","A","通常掲載","ディズニーホテル","〒279-8505 千葉県浦安市舞浜29-1","047-305-3333","https://tokyodisneyresort.jp/hotel/tdh.html","TDL正面ゲートへ屋根付き通路で直結・徒歩約1分（ハッピーエントリー15分早入園）","TDSへはディズニーリゾートライン（有料モノレール）","パーク直結のため不要","TDLと屋根付き通路で直結・雨でも濡れず移動可能","","","","「東京ディズニーランドホテル」専用リムジンバス停留所あり（ホテル前・徒歩0分）","舞浜駅","公式に徒歩ルート案内なし（実質的に長め・要現地確認）","リゾートゲートウェイ・ステーションからディズニーリゾートライン","徒歩3km以上・30分超のため非推奨","舞浜駅経由で東京ベイシティ交通9系統等","JR京葉線で東京駅まで約15分","専用停留所から約40〜50分・大人1,300円（東京空港交通・京成バス千葉ウエスト共同運行）","専用停留所から約75〜80分・大人2,900円","館内「ルッキンググラス・ギフト」（グッズ中心・医薬品なし）。外部最寄はセブンイレブン浦安舞浜店（徒歩約6分・24時間）","徒歩圏に一般スーパーなし。イクスピアリ食品店（徒歩約8分）・NewDays舞浜（徒歩約6分）","全706室。ファミリールーム最大5名＋添い寝2名。コンシェルジュ・スイートあり","なし（客室にバスタブ）","あり（宿泊ゲスト専用）。有料ランドリーサービスも可","立体駐車場1・2階 1泊目3,000円・2泊目以降1,000円","あり（ベルデスクで預かり）","「シャーウッドガーデン・レストラン」でビュッフェ（6:30〜10:00）。コンシェルジュ宿泊者は専用ラウンジ朝食","IN15:00 / OUT12:00","客室内Wi-Fi無料・多言語対応スタッフあり","ヴィクトリア朝様式の高級ディズニーホテル。全706室。対象パーク15分前入園特典あり","2名1室 通常期55,000〜80,000円・繁忙期100,000円超も（スイート200,000円〜）","TDLゲートに最も近い唯一のホテル。雨でも濡れず入園できる最強立地","2026-06-17","Tokyo Disneyland Hotel","东京迪士尼乐园大饭店","도쿄디즈니랜드 호텔","https://www.tokyodisneyresort.jp/en/hotel/tdh.html","https://www.tokyodisneyresort.jp/sc/hotel/tdh.html","https://www.tokyodisneyresort.jp/kr/hotel/tdh.html","tdl-hotel","35.6368","139.8783","laundry;limousine","55000","TDL徒歩約1分","東京ディズニーランドホテル","","seven-eleven-urayasu-maihama","","","https://hb.afl.rakuten.co.jp/hgc/5555fa03.3f01cc2a.5555fa04.2c37c5e2/?pc=https%3A%2F%2Ftravel.rakuten.co.jp%2FHOTEL%2F74732%2F74732.html&link_type=hybrid_url&ut=eyJwYWdlIjoiaXRlbSIsInR5cGUiOiJoeWJyaWRfdXJsIiwic2l6ZSI6IjEwMHgxMDAiLCJuYW0iOjEsIm5hbXAiOiJyaWdodCIsImNvbSI6MSwiY29tcCI6ImRvd24iLCJwcmljZSI6MCwiYm9yIjoxLCJjb2wiOjEsImJidG4iOjEsInByb2QiOjAsImFtcCI6ZmFsc2V9","","",""
"東京ディズニーシー・ホテルミラコスタ","A","通常掲載","ディズニーホテル","〒279-8519 千葉県浦安市舞浜1-13","047-305-2222","https://tokyodisneyresort.jp/hotel/dhm.html","TDS内・専用入口「ホテル&パーク・ゲートウェイ」から直接（入園は開園1時間後〜・退場終日可）","TDLへはディズニーリゾートライン（有料モノレール）","パーク直結のため不要","TDS内直結のため傘不要でパークから直接移動可","","","","「東京ディズニーシー・ホテルミラコスタ」専用停留所あり（ホテル前・徒歩0分）。ベルデスクで予約・チケット販売可","舞浜駅","公式に徒歩ルート案内なし（リゾートライン利用前提）","リゾートゲートウェイ・ステーションからディズニーリゾートライン","徒歩3km以上・30分超のため非推奨","舞浜駅経由で東京ベイシティ交通9系統等","JR京葉線で東京駅まで約15分（＋モノレール）","専用停留所から約40〜50分・大人1,300円","専用停留所から約75分・大人2,900円","2Fに「ショップ・トゥギャザー」（軽食・日用品、0:00〜6:00は宿泊者のみ）。外部コンビニはNewDays舞浜まで徒歩13分以上","徒歩圏に一般スーパーなし。館内ショップで軽食・日用品補完","全502室。トスカーナ・ヴェネツィア・ポルトパラディーゾの3サイド","なし（有料スパ&プール「テルメ・ヴェネツィア」あり）","なし（館内コインランドリーなし）。有料ランドリーサービスあり","1泊目3,000円・2泊目以降1,000円","あり（ベルデスク預かり・ステーションデリバリー有料）","「オチェーアノ」で和洋ビュッフェ（6:30〜10:00・286席）","IN15:00 / OUT12:00","客室内Wi-Fi無料・多言語対応スタッフあり","イタリア地中海テーマのパーク一体型ホテル。全502室。スパ&プールあり","2名1室 通常期83,000円〜・繁忙期150,000円程度（スイート300,000円〜）","TDS「パーク内」に泊まれる唯一のホテル","2026-06-17","Tokyo DisneySea Hotel MiraCosta","东京迪士尼海洋观海景大饭店","도쿄디즈니씨 호텔 미라코스타","https://www.tokyodisneyresort.jp/en/hotel/dhm.html","https://www.tokyodisneyresort.jp/sc/hotel/dhm.html","https://www.tokyodisneyresort.jp/kr/hotel/dhm.html","miracosta","35.6269","139.8881","pool:有料;limousine","83000","TDS内・専用入口","東京ディズニーシー・ホテルミラコスタ","","newdays-maihama","","","https://hb.afl.rakuten.co.jp/hgc/5555fa03.3f01cc2a.5555fa04.2c37c5e2/?pc=https%3A%2F%2Ftravel.rakuten.co.jp%2FHOTEL%2F74733%2F74733.html&link_type=hybrid_url&ut=eyJwYWdlIjoiaXRlbSIsInR5cGUiOiJoeWJyaWRfdXJsIiwic2l6ZSI6IjEwMHgxMDAiLCJuYW0iOjEsIm5hbXAiOiJyaWdodCIsImNvbSI6MSwiY29tcCI6ImRvd24iLCJwcmljZSI6MCwiYm9yIjoxLCJjb2wiOjEsImJidG4iOjEsInByb2QiOjAsImFtcCI6ZmFsc2V9","","",""
"東京ディズニーシー・ファンタジースプリングスホテル","A","通常掲載","ディズニーホテル","〒279-8526 千葉県浦安市舞浜1-2","047-305-8888","https://tokyodisneyresort.jp/hotel/fsh.html","グランドシャトーは専用入口「グランシャトー・ゲートウェイ」からTDS新エリアへ直接（全室15分早入園）","TDLへはディズニーリゾートライン（有料モノレール）","グランド宿泊者は専用入口利用可","要確認","","","","ホテル前からリムジンバス（停留所あり）","舞浜駅","公式に徒歩ルート案内なし（リゾートライン利用前提）","リゾートゲートウェイ・ステーションからディズニーリゾートライン","要確認","要確認","JR京葉線で東京駅まで約15分","リムジンで羽田まで約40〜50分・大人1,300円","リムジンで成田まで約82〜87分・大人2,900円","3F「ジョイフルスプリングス」（ドリンク・菓子・日用品・紙おむつ、宿泊者限定）。外部コンビニはNewDays舞浜まで徒歩約13分","徒歩圏に一般スーパーなし","全475室（グランド56／ファンタジー419）","なし","ファンタジーシャトー1Fに24時間利用可（ルームキー入室・スマホ決済）","1泊目3,000円・2泊目以降1,000円","要確認","ファンタジーシャトー宿泊者は「ファンタジースプリングス・レストラン」ビュッフェ（6:30〜10:00・事前予約制）。グランドはフレンチブランチ","IN15:00 / OUT12:00","客室内Wi-Fi無料（要公式確認）","2024年6月開業のTDS最新ホテル。グランドシャトー（ラグジュアリー）とファンタジーシャトー（デラックス）の2棟","ファンタジーシャトー 2名 約50,000〜100,000円。グランドは数十万円〜","TDS新エリアに最も近い最新・最高峰のディズニーホテル","2026-06-17","Tokyo DisneySea Fantasy Springs Hotel","","도쿄디즈니씨 판타지 스프링스 호텔","https://www.tokyodisneyresort.jp/en/hotel/fsh.html","https://www.tokyodisneyresort.jp/sc/hotel/fsh.html","https://www.tokyodisneyresort.jp/kr/hotel/fsh.html","fantasy-springs-hotel","35.6289","139.8764","laundry;limousine","50000","TDS新エリア直結（2024年開業）","ファンタジースプリングスホテル","","newdays-maihama","","","https://hb.afl.rakuten.co.jp/hgc/5555fa03.3f01cc2a.5555fa04.2c37c5e2/?pc=https%3A%2F%2Ftravel.rakuten.co.jp%2FHOTEL%2F189000%2F189000.html&link_type=hybrid_url&ut=eyJwYWdlIjoiaXRlbSIsInR5cGUiOiJoeWJyaWRfdXJsIiwic2l6ZSI6IjEwMHgxMDAiLCJuYW0iOjEsIm5hbXAiOiJyaWdodCIsImNvbSI6MSwiY29tcCI6ImRvd24iLCJwcmljZSI6MCwiYm9yIjoxLCJjb2wiOjEsImJidG4iOjEsInByb2QiOjAsImFtcCI6ZmFsc2V9","","",""
"ディズニーアンバサダーホテル","A","通常掲載","ディズニーホテル","〒279-8522 千葉県浦安市舞浜2-11","047-305-1111","https://tokyodisneyresort.jp/hotel/dah.html","専用無料シャトル「ディズニーリゾートクルーザー」で移動（ハッピーエントリー15分前入園）","TDL/TDSとも専用無料シャトル","ホテルと両パークを結ぶ専用無料シャトル","イクスピアリ経由で一部屋根付き移動可","","","","「ディズニーアンバサダーホテル」専用リムジンバス停留所あり（ホテル前・徒歩0分）","舞浜駅","徒歩約8分（公式案内）","リゾートクルーザー＋リゾートライン","徒歩約8分で十分近い","舞浜駅経由で東京ベイシティ交通9系統等","JR京葉線で東京駅まで約15分","リムジンで羽田まで約40〜50分・大人1,300円","リムジンで成田まで約62〜67分・大人2,900円","館内「サンドリーショップ」（日用品・菓子・ソフトドリンク）。外部最寄はNewDays舞浜（徒歩約5分・6:30〜23:00）","徒歩圏に一般スーパーなし（イクスピアリ徒歩5〜8分）","1930年代ハリウッドテーマの全503室。ファミリールーム97㎡は大人5〜6名＋添い寝4名","なし","要確認","1泊目3,000円・2泊目以降1,000円","あり（駅ウェルカムセンター→ホテルのバゲッジデリバリー無料、ホテル→駅は有料）","キャラクターダイニング「シェフ・ミッキー」ビュッフェ（6:30〜10:00・宿泊者優先席）","IN15:00 / OUT12:00","客室内Wi-Fi無料","日本初のディズニーホテル（2000年開業）。イクスピアリ隣接。シェフ・ミッキーが名物","2名1室 通常期40,000〜70,000円・繁忙期80,000円以上も","シェフ・ミッキーとイクスピアリ徒歩圏。日本初のディズニーホテル","2026-06-17","Disney Ambassador Hotel","迪士尼大使大饭店","디즈니 앰버서더 호텔","https://www.tokyodisneyresort.jp/en/hotel/dah.html","https://www.tokyodisneyresort.jp/sc/hotel/dah.html","https://www.tokyodisneyresort.jp/kr/hotel/dah.html","ambassador-hotel","35.6334","139.8878","shuttle;limousine","40000","舞浜駅徒歩約8分","ディズニーアンバサダーホテル","","newdays-maihama","","","https://hb.afl.rakuten.co.jp/hgc/5555fa03.3f01cc2a.5555fa04.2c37c5e2/?pc=https%3A%2F%2Ftravel.rakuten.co.jp%2FHOTEL%2F72737%2F72737.html&link_type=hybrid_url&ut=eyJwYWdlIjoiaXRlbSIsInR5cGUiOiJoeWJyaWRfdXJsIiwic2l6ZSI6IjEwMHgxMDAiLCJuYW0iOjEsIm5hbXAiOiJyaWdodCIsImNvbSI6MSwiY29tcCI6ImRvd24iLCJwcmljZSI6MCwiYm9yIjoxLCJjb2wiOjEsImJidG4iOjEsInByb2QiOjAsImFtcCI6ZmFsc2V9","","",""
"トイ・ストーリーホテル","A","通常掲載","ディズニーホテル","〒279-8506 千葉県浦安市舞浜1-47","047-305-5555","https://tokyodisneyresort.jp/hotel/tsh.html","ベイサイド・ステーション＋ディズニーリゾートライン（全室15分早入園）。10時以降はファンタジースプリングス・エントリー徒歩圏","TDL/TDSともリゾートライン","ベイサイド・ステーション直近","要確認","","","","ホテル前からリムジンバス","舞浜駅","公式に徒歩ルート案内なし（リゾートライン利用前提）","ベイサイド・ステーションからディズニーリゾートライン","要確認","要確認","JR京葉線で東京駅まで約15分","リムジンで羽田まで約40〜50分・大人1,300円","リムジンで成田あり・大人2,900円","ロビー2F「ショップ・トゥギャザー」（6:00〜24:00・おにぎり/弁当/日用品）。深夜はヒルトン東京ベイ内ローソン（24時間・徒歩圏）","要確認","全595室。アンディの部屋モチーフ。スタンダード28㎡・4名まで","なし","3Fに宿泊者専用あり","1泊目3,000円・2泊目以降1,000円","要確認","「ロッツォ・ガーデンカフェ」ビュッフェ（宿泊者限定・要事前予約）","IN15:00 / OUT12:00","客室内Wi-Fi無料・館内案内多言語対応","2022年開業のトイ・ストーリーテーマ。ミドルプライスのディズニーホテル","2名1室 通常期45,000〜65,000円","TDS新エリアへの地の利とミドルプライスを両立","2026-06-17","Tokyo Disney Resort Toy Story Hotel","东京迪士尼度假区玩具总动员饭店","도쿄디즈니리조트 토이 스토리 호텔","https://www.tokyodisneyresort.jp/en/hotel/tsh.html","https://www.tokyodisneyresort.jp/sc/hotel/tsh.html","https://www.tokyodisneyresort.jp/kr/hotel/tsh.html","toy-story-hotel","35.6259","139.8746","laundry;shuttle;limousine","45000","ベイサイド・ステーション徒歩約3分","トイ・ストーリーホテル","","hilton-lawson-24h","","","https://hb.afl.rakuten.co.jp/hgc/5555fa03.3f01cc2a.5555fa04.2c37c5e2/?pc=https%3A%2F%2Ftravel.rakuten.co.jp%2FHOTEL%2F183493%2F183493.html&link_type=hybrid_url&ut=eyJwYWdlIjoiaXRlbSIsInR5cGUiOiJoeWJyaWRfdXJsIiwic2l6ZSI6IjEwMHgxMDAiLCJuYW0iOjEsIm5hbXAiOiJyaWdodCIsImNvbSI6MSwiY29tcCI6ImRvd24iLCJwcmljZSI6MCwiYm9yIjoxLCJjb2wiOjEsImJidG4iOjEsInByb2QiOjAsImFtcCI6ZmFsc2V9","","",""
"東京ディズニーセレブレーションホテル：ウィッシュ","C","通常掲載","ディズニーホテル","千葉県浦安市明海7丁目1-1","0570-05-1118（ディズニー・ホテル予約案内）","https://tokyodisneyresort.jp/hotel/dch.html","無料シャトルバスで約20分（全室15分早入園）","TDL/TDSとも無料シャトル","パークから離れた立地・無料シャトル約20分","なし","","","","近隣停留所から羽田リムジン（成田は直通なし）","新浦安駅","新浦安駅南口Dのりばから11系統バスで約15分・150円「ベイサイドホテルエリア」下車徒歩約2分","新浦安駅から11系統バス約15分","要確認","新浦安駅から11系統バス約15分","新浦安駅からJR京葉線で東京駅まで約20分","近隣停留所から羽田まで約60分・大人1,300円","直通なし","ホテル隣接に「ローソン」（徒歩5分以内・深夜可）。館内「スナック&サンドリー」各棟1F","バスで新浦安駅方面（約15分）のMONA新浦安","「夢・ファンタジー（TDLイメージ）」テーマ。ベッド4台標準で4名対応","なし","5Fに宿泊者向けあり","1泊2,000円（普通車・現金のみ）","あり（ゲストサービスカウンター・ディズニーホテル間デリバリー）","朝食付プランは各棟1Fラウンジで簡易弁当＋小型ペットボトル","IN15:00〜24:00 / OUT11:00","客室内Wi-Fi無料","TDR運営バリュータイプ。ディズニーホテル最安値クラス。1室4名対応","3名1室 通常期20,000〜30,000円・繁忙期44,000円以上も","ディズニーホテル最安値クラス・1室4名対応（夢/TDLテーマ）","2026-06-17","Tokyo Disney Celebration Hotel: Wish","","도쿄디즈니 셀러브레이션 호텔","https://www.tokyodisneyresort.jp/en/hotel/dch.html","https://www.tokyodisneyresort.jp/sc/hotel/dch.html","https://www.tokyodisneyresort.jp/kr/hotel/dch.html","celebration-wish","35.6388","139.9305","laundry;shuttle;limousine","20000","ハッピーエントリー特典付き","東京ディズニーセレブレーションホテル（ウィッシュ）","","poi-008","","mona-shin-urayasu","https://hb.afl.rakuten.co.jp/hgc/5555fa03.3f01cc2a.5555fa04.2c37c5e2/?pc=https%3A%2F%2Ftravel.rakuten.co.jp%2FHOTEL%2F151431%2F151431.html&link_type=hybrid_url&ut=eyJwYWdlIjoiaXRlbSIsInR5cGUiOiJoeWJyaWRfdXJsIiwic2l6ZSI6IjEwMHgxMDAiLCJuYW0iOjEsIm5hbXAiOiJyaWdodCIsImNvbSI6MSwiY29tcCI6ImRvd24iLCJwcmljZSI6MCwiYm9yIjoxLCJjb2wiOjEsImJidG4iOjEsInByb2QiOjAsImFtcCI6ZmFsc2V9","","",""
"東京ディズニーセレブレーションホテル：ディスカバー","C","通常掲載","ディズニーホテル","千葉県浦安市日の出7-1-1","047-381-1188","https://tokyodisneyresort.jp/hotel/dch.html","無料シャトルバスで約20分（全室15分早入園）","TDL/TDSとも無料シャトル","パークから離れた立地・無料シャトル約20分","なし","","","","近隣停留所から羽田リムジン（成田は直通なし）","新浦安駅","新浦安駅南口Dのりばから11系統バスで約15分・150円「ベイサイドホテルエリア」下車徒歩約2分","新浦安駅から11系統バス約15分","要確認","新浦安駅から11系統バス約15分","新浦安駅からJR京葉線で東京駅まで約20分","近隣停留所から羽田まで約60分・大人1,300円","直通なし","ホテル隣接に「ローソン」（徒歩5分以内）。館内「スナック&サンドリー」各棟1F","バスで新浦安駅方面（約15分）のMONA新浦安","「冒険・発見（TDSイメージ）」テーマ。ベッド4台標準で4名対応","なし","5Fに宿泊者向けあり","1泊2,000円（普通車・現金のみ）","あり（ゲストサービスカウンター・ディズニーホテル間デリバリー）","朝食付プランは各棟1Fラウンジで簡易弁当＋小型ペットボトル","IN15:00〜24:00 / OUT11:00","客室内Wi-Fi無料","ウィッシュの姉妹棟。施設・価格はほぼ共通で客室テーマのみ異なる","3名1室 通常期20,000〜30,000円・繁忙期44,000円以上も","ディズニーホテル最安値クラス・1室4名対応（冒険/TDSテーマ）","2026-06-17","Tokyo Disney Celebration Hotel: Discover","","도쿄디즈니 셀러브레이션 호텔","https://www.tokyodisneyresort.jp/en/hotel/dch.html","https://www.tokyodisneyresort.jp/sc/hotel/dch.html","https://www.tokyodisneyresort.jp/kr/hotel/dch.html","celebration-discover","35.6384","139.9308","laundry;shuttle;limousine","20000","ハッピーエントリー特典付き","東京ディズニーセレブレーションホテル（ディスカバー）","","hoshino-lawson","","mona-shin-urayasu","https://hb.afl.rakuten.co.jp/hgc/5555fa03.3f01cc2a.5555fa04.2c37c5e2/?pc=https%3A%2F%2Ftravel.rakuten.co.jp%2FHOTEL%2F151431%2F151431.html&link_type=hybrid_url&ut=eyJwYWdlIjoiaXRlbSIsInR5cGUiOiJoeWJyaWRfdXJsIiwic2l6ZSI6IjEwMHgxMDAiLCJuYW0iOjEsIm5hbXAiOiJyaWdodCIsImNvbSI6MSwiY29tcCI6ImRvd24iLCJwcmljZSI6MCwiYm9yIjoxLCJjb2wiOjEsImJidG4iOjEsInByb2QiOjAsImFtcCI6ZmFsc2V9","","",""
"ホテルオークラ東京ベイ","A","通常掲載","オフィシャルホテル","千葉県浦安市舞浜1-8","047-355-3333","https://okuratokyobay.net","無料シャトル＋リゾートライン（ベイサイドステーションまで徒歩約3分。ハッピーエントリー15分前入園）","TDL/TDSともリゾートライン","ベイサイドステーション向かいの立地","要確認","","","","ホテル前からリムジンバス","舞浜駅","リゾートライン経由／車で約5分","ベイサイドステーションからリゾートライン","要確認","要確認","JR京葉線で東京駅まで約15〜17分","リムジンで羽田まで約40〜50分・大人1,300円","リムジンで成田あり・大人2,900円","館内コンビニなし（ドラッグストアのみ）。最寄24時間コンビニはヒルトン東京ベイ1Fのローソン（24時間営業・徒歩圏）","要確認","全427室・全室44㎡以上。総大理石バスルーム","なし","なし（有料ランドリーサービスあり）","230台。1泊目3,000円・2泊目以降1,000円","あり（駅ウェルカムセンター8時以降預かり・ベルデスク対応）","朝食ビュッフェ6時開始（シェフ実演フレンチトースト人気）","IN15:00 / OUT12:00","全室Wi-Fi無料","記念日に人気の「アニバーサリーホテル」。全室44㎡以上・朝食6時開始","2名1室 通常期30,000〜60,000円・繁忙期80,000円以上も","全室44㎡以上・朝食6時開始のアニバーサリーホテル","2026-06-17","Hotel Okura Tokyo Bay","","","https://www.okuratokyobay.net/en/","","","hotel-okura-tokyo-bay","35.6259","139.8760","shuttle;limousine","30000","専用シャトル運行","ホテルオークラ東京ベイ","","hilton-lawson-24h","","","https://hb.afl.rakuten.co.jp/hgc/5555fa03.3f01cc2a.5555fa04.2c37c5e2/?pc=https%3A%2F%2Ftravel.rakuten.co.jp%2FHOTEL%2F1304%2F1304.html&link_type=hybrid_url&ut=eyJwYWdlIjoiaXRlbSIsInR5cGUiOiJoeWJyaWRfdXJsIiwic2l6ZSI6IjEwMHgxMDAiLCJuYW0iOjEsIm5hbXAiOiJyaWdodCIsImNvbSI6MSwiY29tcCI6ImRvd24iLCJwcmljZSI6MSwiYm9yIjoxLCJjb2wiOjEsImJidG4iOjEsInByb2QiOjAsImFtcCI6ZmFsc2V9","","",""
"グランドニッコー東京ベイ舞浜","A","通常掲載","オフィシャルホテル","千葉県浦安市舞浜1-7","047-350-3533","https://tokyobay.grandnikko.com","無料シャトル（約2〜3分）＋リゾートライン（ハッピーエントリー15分前入園）","TDL/TDSともリゾートライン","ベイサイドステーションからリゾートライン","要確認","","","","ホテル前専用リムジンバス停留所あり","舞浜駅","舞浜駅へ車で約5分（公式案内）","ベイサイドステーションからリゾートライン","要確認","要確認","JR京葉線で東京駅まで約16〜17分","ホテル前から羽田まで約45〜50分・大人1,300円","リムジンで成田あり・大人2,900円","館内3F「ファーストショップ ギフト&コンビニエンス」（菓子・飲料・酒類・雑貨、営業時間要確認）。外部はNewDays舞浜（徒歩約15分）","要確認","南欧テーマの多彩な客室。高さ37m国内最大級アトリウム","なし","あり（有料）","319台（EV充電器）。1泊目3,100円・2泊目4,300円・3泊以上5,500円","あり（ベルデスク・ウェルカムセンターからのデリバリー）","ビュッフェ（実演キッチン・和洋100種類以上）","IN15:00 / OUT12:00","客室内Wi-Fi無料","国内最大級アトリウムを持つ南欧テーマの大型オフィシャルホテル","2名1室 通常期30,000〜60,000円・繁忙期80,000円以上も","国内最大級アトリウムと319台駐車場の大型オフィシャル","2026-06-17","Grand Nikko Tokyo Bay Maihama","","","https://tokyobay.grandnikko.com/en/","","","grand-nikko-tokyo-bay","35.6293","139.8740","laundry;shuttle;limousine","30000","専用シャトル運行","グランドニッコー東京ベイ舞浜","","newdays-maihama","","","https://hb.afl.rakuten.co.jp/hgc/5555fa03.3f01cc2a.5555fa04.2c37c5e2/?pc=https%3A%2F%2Ftravel.rakuten.co.jp%2FHOTEL%2F179245%2F179245.html&link_type=hybrid_url&ut=eyJwYWdlIjoiaXRlbSIsInR5cGUiOiJoeWJyaWRfdXJsIiwic2l6ZSI6IjEwMHgxMDAiLCJuYW0iOjEsIm5hbXAiOiJyaWdodCIsImNvbSI6MSwiY29tcCI6ImRvd24iLCJwcmljZSI6MCwiYm9yIjoxLCJjb2wiOjEsImJidG4iOjEsInByb2QiOjAsImFtcCI6ZmFsc2V9","","",""
"シェラトン・グランデ・トーキョーベイ","A","通常掲載","オフィシャルホテル","千葉県浦安市舞浜1-9","047-355-5555","https://marriott.com","ベイサイドステーション徒歩1分＋リゾートライン（ハッピーエントリーはTDLが対象）","TDL/TDSともリゾートライン","ベイサイドステーション徒歩1分","要確認","","","","ホテル前からリムジンバス","舞浜駅","舞浜駅へモノレール乗換（公式案内）","ベイサイドステーションからリゾートライン","要確認","要確認","JR京葉線で東京駅まで約15〜17分","リムジンで羽田まで約40〜50分・大人1,300円","リムジンで成田あり・大人2,900円","別館オアシス内「ザ・ショップ＠シェラトン」（医薬品取扱あり）。確実な24時間はヒルトン東京ベイ1Fのローソン（24時間営業・徒歩約6分）","要確認","全室36㎡以上・バルコニー付き","あり（大浴場「舞湯」・大理石・サウナ付き）","あり（有料）","1泊目3,100円・2泊目以降1,600円加算","要確認","和洋中ブッフェ","IN15:00 / OUT12:00","客室内Wi-Fi無料","大浴場「舞湯」・室内温水プール・遊戯施設OASIS・チャペル2棟","2名1室 通常期30,000〜60,000円・繁忙期80,000円以上も","大浴場「舞湯」とOASISでホテル内でも1日遊べる","2026-06-17","Sheraton Grande Tokyo Bay Hotel","","","https://www.marriott.com/en-us/hotels/tyosi-sheraton-grande-tokyo-bay-hotel/overview/","","","sheraton-grande-tokyo-bay","35.6257","139.8782","bath:サウナ;pool:温水;laundry;shuttle;limousine","30000","大浴場「舞湯」・大型プール","シェラトン・グランデ・トーキョーベイ","","hilton-lawson-24h","","","https://hb.afl.rakuten.co.jp/hgc/5555fa03.3f01cc2a.5555fa04.2c37c5e2/?pc=https%3A%2F%2Ftravel.rakuten.co.jp%2FHOTEL%2F27896%2F27896.html&link_type=hybrid_url&ut=eyJwYWdlIjoiaXRlbSIsInR5cGUiOiJoeWJyaWRfdXJsIiwic2l6ZSI6IjEwMHgxMDAiLCJuYW0iOjEsIm5hbXAiOiJyaWdodCIsImNvbSI6MSwiY29tcCI6ImRvd24iLCJwcmljZSI6MCwiYm9yIjoxLCJjb2wiOjEsImJidG4iOjEsInByb2QiOjAsImFtcCI6ZmFsc2V9","","",""
"ヒルトン東京ベイ","A","通常掲載","オフィシャルホテル","〒279-0031 千葉県浦安市舞浜1-8","047-355-5000","https://hilton.com","ベイサイド・ステーション向かい＋無料シャトル「リゾートクルーザー」（約6〜8分間隔）＋リゾートライン","TDL/TDSともリゾートライン","クルーザーで駅へ→リゾートライン（徒歩直結ではない）","要確認","","","","ホテル前「ヒルトン東京ベイ」専用リムジンバス停留所あり","舞浜駅","無料送迎バスで約7分（徒歩は遠い）","ベイサイドステーションからリゾートライン","送迎バスかタクシーが前提","要確認","JR京葉線で東京駅まで約15〜20分","ホテル前から羽田まで約60分・大人1,300円（要事前予約）","ホテル前から成田まで約90分・大人1,300円（要事前予約）","1階に24時間「ローソン」（医薬品8:00〜22:00・銀行ATM・カラーコピー）＋「Sローソン ヒルトン東京ベイ店」（17:00〜23:00・医薬品なし）。浦安オフィシャルで唯一の館内24時間コンビニ。旧「生活彩家」は閉店しローソンにリニューアル","要確認","全828室。ヒルトンルーム40㎡、ハッピーマジックルーム、ファミリーハッピーマジック（2〜6名）","なし（B1にプール＋浴場施設・有料4,000円）","B1に24時間利用可（有料）","1泊3,100円／2泊4,700円／3泊以上6,300円","あり（クローク・バゲッジデリバリー・宅配）","和洋中ビュッフェ（オムレツステーション・キッズブレックファスト）","IN15:00 / OUT12:00","無料Wi-Fi完備・多言語対応スタッフ常駐","館内24時間コンビニが最大の実用ポイント。全828室の大型オフィシャル","2名1室 通常期30,000〜60,000円・繁忙期80,000円超も","館内24時間コンビニが最大の安心。パーク至近の大型オフィシャル","2026-06-16","Hilton Tokyo Bay","希尔顿东京湾大饭店","","https://www.hilton.com/en/hotels/tyotbtw-hilton-tokyo-bay/","https://www.tokyodisneyresort.jp/sc/hotel/oh/hilton.html","","hilton-tokyo-bay","35.6272","139.8739","pool:有料;laundry;convenience;shuttle;limousine","30000","館内24時間コンビニ","ヒルトン東京ベイ","hilton-lawson-24h;hilton-lawson-s","","","","https://hb.afl.rakuten.co.jp/hgc/5555fa03.3f01cc2a.5555fa04.2c37c5e2/?pc=https%3A%2F%2Ftravel.rakuten.co.jp%2FHOTEL%2F1405%2F1405.html&link_type=hybrid_url&ut=eyJwYWdlIjoiaXRlbSIsInR5cGUiOiJoeWJyaWRfdXJsIiwic2l6ZSI6IjEwMHgxMDAiLCJuYW0iOjEsIm5hbXAiOiJyaWdodCIsImNvbSI6MSwiY29tcCI6ImRvd24iLCJwcmljZSI6MCwiYm9yIjoxLCJjb2wiOjEsImJidG4iOjEsInByb2QiOjAsImFtcCI6ZmFsc2V9","","",""
"東京ベイ舞浜ホテル ファーストリゾート","A","通常掲載","オフィシャルホテル","千葉県浦安市舞浜1-6","047-355-1111","https://maihamahotel-firstresort.jp","ベイサイドステーション発着無料シャトル＋リゾートライン（ハッピーエントリー15分前入園）","TDL/TDSともモノレール","ベイサイドステーション発着の無料シャトル","要確認","","","","ホテル前に専用リムジンバス停留所あり（予約制）","舞浜駅","舞浜駅南口まで徒歩約20分／バス約5分","ベイサイドステーションからリゾートライン","TDLエントランスまで徒歩約15分（約800m）","舞浜駅経由","JR京葉線で東京駅まで約20分","予約制リムジンで羽田まで約60分・大人1,300円","予約制リムジンで成田まで約90分・大人2,900円","館内「ファーストショップ」複数（7:00〜23:00）。外部はNewDays舞浜（徒歩約13分）。深夜はアイス自販機","徒歩圏に一般スーパーなし","TDRオフィシャル第一号。豊富なコンセプトルーム","なし","あり（サウスサイドアヴェニュー1F・洗濯機500円/乾燥機200円）","立体駐車場。1泊目3,000円・2泊目以降（2026/4改定）1,200円加算","あり（ベルデスク預かり・バゲッジデリバリー）","レストランでビュッフェ（時間・予約要否は公式確認）","IN15:00 / OUT12:00","1Fロビー無料Wi-Fi。客室は有料ポケットWi-Fi（1泊500円、上位室は無料）","TDRオフィシャルホテル第一号。予約制リムジンが羽田直行","2名1室 通常期20,000〜40,000円","TDRオフィシャル第一号・豊富なコンセプトルーム","2026-06-17","Tokyo Bay Maihama Hotel First Resort","","","https://www.maihamahotel-firstresort.jp/en/","","","maihama-hotel-first-resort","35.6317","139.8739","laundry;shuttle;limousine","20000","コインランドリー完備","東京ベイ舞浜ホテル ファーストリゾート","poi-072","newdays-maihama","","","https://hb.afl.rakuten.co.jp/hgc/5555fa03.3f01cc2a.5555fa04.2c37c5e2/?pc=https%3A%2F%2Ftravel.rakuten.co.jp%2FHOTEL%2F27929%2F27929.html&link_type=hybrid_url&ut=eyJwYWdlIjoiaXRlbSIsInR5cGUiOiJoeWJyaWRfdXJsIiwic2l6ZSI6IjEwMHgxMDAiLCJuYW0iOjEsIm5hbXAiOiJyaWdodCIsImNvbSI6MSwiY29tcCI6ImRvd24iLCJwcmljZSI6MCwiYm9yIjoxLCJjb2wiOjEsImJidG4iOjEsInByb2QiOjAsImFtcCI6ZmFsc2V9","","",""
"ホテルドリームゲート舞浜","A","通常掲載","その他のホテル","千葉県浦安市舞浜26-5","047-351-0180","https://hdgm.jp","JR舞浜駅改札直結→リゾートゲートウェイ・ステーション→リゾートライン","TDL/TDSともリゾートライン","駅直結のため徒歩でステーションへ","JR舞浜駅改札直結（本館改札左・アネックス改札右）","","","","専用リムジン停留所なし（舞浜駅発着を利用）","舞浜駅","改札まで徒歩約1分（本館左・アネックス右で直結）","リゾートゲートウェイ・ステーションからリゾートライン","TDL正面ゲートまで徒歩圏内","舞浜駅発着","JR京葉線で東京駅まで約15〜17分","舞浜駅から羽田まで大人1,300円","舞浜駅・新浦安駅経由","館内2F（改札外）に「NewDays舞浜」（6:30〜23:00）直結。23:00以降は施設なし","スーパーは徒歩圏外","JRホテルグループ運営。本館・アネックス2棟。6歳まで添い寝無料。全室洗い場付きバス","なし","本館・アネックス各3台（客室TVで使用状況確認可）","本館・アネックス共有37台。1泊2,000円","あり（宿泊者専用コインロッカー・チェックイン前後預かり）","1F「サイゼリヤ」でブッフェ形式","IN15:00 / OUT11:00","客室内Wi-Fi利用可","JR舞浜駅改札に直結する数少ないホテル。館内NewDays直結","2名1室 通常期15,000〜35,000円","JR舞浜駅改札直結。雨でも濡れず着ける唯一の駅直結ホテル","2026-06-17","Hotel Dream Gate Maihama","","","https://www.hdgm.jp/en/","","","dreamgate-maihama","35.6357","139.8850","laundry;convenience;shuttle;station","15000","JR舞浜駅改札直結","ホテルドリームゲート舞浜","newdays-maihama","","","","https://hb.afl.rakuten.co.jp/hgc/5555fa03.3f01cc2a.5555fa04.2c37c5e2/?pc=https%3A%2F%2Ftravel.rakuten.co.jp%2FHOTEL%2F19901%2F19901.html&link_type=hybrid_url&ut=eyJwYWdlIjoiaXRlbSIsInR5cGUiOiJoeWJyaWRfdXJsIiwic2l6ZSI6IjEwMHgxMDAiLCJuYW0iOjEsIm5hbXAiOiJyaWdodCIsImNvbSI6MSwiY29tcCI6ImRvd24iLCJwcmljZSI6MCwiYm9yIjoxLCJjb2wiOjEsImJidG4iOjEsInByb2QiOjAsImFtcCI6ZmFsc2V9","","",""
"舞浜ビューホテル by HULIC","A","通常掲載","オフィシャルホテル","〒279-0031 千葉県浦安市舞浜1-34","047-355-1222","https://viewhotels.co.jp/maihama/","ホテル発無料シャトル約5分→舞浜駅/イクスピアリ/ベイサイドステーション方面（ハッピーエントリー15分前入園）","TDLは徒歩約18分またはモノレール","TDL/TDS/イクスピアリへ3方向の経路あり（複雑）","要確認","","","","専用リムジン停留所あり（リブランド後の停留所名・登録状況は要確認）","舞浜駅","無料シャトル約5分後、徒歩約2分（イクスピアリ側）","無料シャトル＋モノレール","TDLは徒歩約18分","無料シャトル経由","JR京葉線で東京駅まで約15〜17分","羽田まで大人1,300円","要確認","確実な外部コンビニはNewDays舞浜（徒歩約14分）","要確認","客室タイプにより最大3〜6名対応。旧東京ベイ舞浜ホテルをHULICがリブランド","あり（大浴場「スパ ローズ」・有料／1泊3,300円・2泊4,700円・3泊以上6,100円）","2F（男性化粧室側）に新設工事中（完成後利用可）","立体駐車場（エレベーターなし）。平日14:00〜24:00延長は追加1,700円","あり（バゲッジデリバリー無料・舞浜駅→ホテル方向）","レストラン「ファインテラス」で朝食ビュッフェ（7:00〜10:00・LO9:30）","IN15:00 / OUT12:00","客室内Wi-Fi無料","旧東京ベイ舞浜ホテルのリブランド。オフィシャルで大浴場に入れる選択肢","2名1室 通常期20,000〜40,000円","オフィシャルで大浴場「スパ ローズ」に入れる選択肢","2026-06-27","Maihama View Hotel by HULIC","","","","","","maihama-view-hotel","35.6307","139.8739","bath:有料;shuttle;limousine","20000","大浴場「スパ ローズ」","舞浜ビューホテル by HULIC","","newdays-maihama","","","https://hb.afl.rakuten.co.jp/hgc/5555fa03.3f01cc2a.5555fa04.2c37c5e2/?pc=https%3A%2F%2Ftravel.rakuten.co.jp%2FHOTEL%2F54127%2F54127.html&link_type=hybrid_url&ut=eyJwYWdlIjoiaXRlbSIsInR5cGUiOiJoeWJyaWRfdXJsIiwic2l6ZSI6IjEwMHgxMDAiLCJuYW0iOjEsIm5hbXAiOiJyaWdodCIsImNvbSI6MSwiY29tcCI6ImRvd24iLCJwcmljZSI6MCwiYm9yIjoxLCJjb2wiOjEsImJidG4iOjEsInByb2QiOjAsImFtcCI6ZmFsc2V9","","",""
"ザ ロイヤルパークホテル 舞浜リゾート 東京ベイ","B","通常掲載","その他のホテル","〒279-0032 千葉県浦安市千鳥13-1","047-351-1122","https://royalparkhotels.co.jp/the/maihama/","ホテル⇔TDL⇔TDS間を周回する専用無料シャトルを毎日運行（パーク特典は対象外）","専用無料シャトル（TDS新エリアはTDSステーション徒歩約15分も可）","TDR直営・オフィシャル・グッドネイバーではないためハッピーエントリー対象外","要確認","","","","専用リムジン停留所の有無は要確認（2026年2月13日開業）","舞浜駅","専用無料シャトル基本。「千鳥車庫」バス停（徒歩約1分）から20・22系統も可","専用無料シャトル","要確認","「千鳥車庫」バス停から20・22系統","JR京葉線で東京駅まで約20分","シャトル→舞浜駅、または新浦安駅からリムジン（大人1,300円）","要確認","1Fにローソン（24時間営業）館内直結","要確認","全750室。「世界の4つの海」テーマ。スタンダード4名基本・最大6名対応","なし（全室洗い場付きバスルームのみ）","2Fに10台（客室TVで使用状況確認可）","約394台。宿泊者優待1泊2,000円（事前精算制）","あり（セルフ式・詳細は公式確認）","多国籍ビュッフェ（6:30〜10:30・LO10:00）","IN15:00 / OUT11:00","客室・館内Wi-Fi利用可","2026年2月13日開業・THEシリーズ千葉初・最大規模750室の新築大型リゾート","2名1室 通常期25,000〜60,000円","2026年開業750室・館内ローソン24時間直結の新築大型リゾート","2026-06-27","The Royal Park Hotel Maihama Resort Tokyo Bay","","","https://www.royalparkhotels.co.jp/en/the/maihama/index.html","","","royal-park-maihama","35.6267","139.8972","laundry;convenience;shuttle","25000","2026年2月開業・最大6名対応","ザロイヤルパークホテル舞浜リゾート東京ベイ","royal-park-lawson","","","","https://hb.afl.rakuten.co.jp/hgc/5555fa03.3f01cc2a.5555fa04.2c37c5e2/?pc=https%3A%2F%2Ftravel.rakuten.co.jp%2FHOTEL%2F196513%2F196513.html&link_type=hybrid_url&ut=eyJwYWdlIjoiaXRlbSIsInR5cGUiOiJoeWJyaWRfdXJsIiwic2l6ZSI6IjEwMHgxMDAiLCJuYW0iOjEsIm5hbXAiOiJyaWdodCIsImNvbSI6MSwiY29tcCI6ImRvd24iLCJwcmljZSI6MCwiYm9yIjoxLCJjb2wiOjEsImJidG4iOjEsInByb2QiOjAsImFtcCI6ZmFsc2V9","","",""
"ホテルマイステイズ舞浜","B","通常掲載","その他のホテル","〒279-0025 千葉県浦安市鉄鋼通り3-5-1","047-304-3939","https://mystays.com/hotel-maihama/","TDSへ徒歩約6分。TDRへの無料シャトルも毎日運行","TDLはシャトルまたは舞浜駅経由","エリアB一般ホテルでパーク徒歩距離が最短クラス","なし","","","","専用リムジン停留所なし","舞浜駅","徒歩約12分。「運動公園前」バス停から路線バスで舞浜駅（2つ目）","無料シャトル／路線バス","TDS正面まで徒歩約6分","「運動公園前」バス停から路線バス","JR京葉線で東京駅まで約20分","路線バス→舞浜駅から電車、または新浦安駅リムジン（大人1,300円）","要確認","館内売店あり（品数限定）。外部コンビニは徒歩約5分圏内","要確認","全90室。ツイン・トリプル・ファミリー。全室フットマッサージ機","なし","要確認（公式確認）","40台（2,000円/泊・完全予約制）","あり（コインロッカー無料・チェックイン前後預かり）","毎朝焼き立てパンの朝食が名物（朝食のみ提供）","IN15:00 / OUT10:00","ネット接続可能","TDS徒歩6分・エリアB最安値クラス。全室フットマッサージ・焼き立てパン朝食","最安 約5,000円〜（通常期8,000〜20,000円）","TDS徒歩6分・最安5,000円〜のコスパ最強ビジネスホテル","2026-06-17","HOTEL MYSTAYS Maihama","","","https://cm.mystays.com/en-us/location-hotel-mystays-maihama-chiba/","","","mystays-maihama","35.6328","139.8924","shuttle","8000","TDS徒歩6分・エリア最安クラスのコスパビジネスホテル","ホテルマイステイズ舞浜","","","","","https://hb.afl.rakuten.co.jp/hgc/5555fa03.3f01cc2a.5555fa04.2c37c5e2/?pc=https%3A%2F%2Ftravel.rakuten.co.jp%2FHOTEL%2F39203%2F39203.html&link_type=hybrid_url&ut=eyJwYWdlIjoiaXRlbSIsInR5cGUiOiJoeWJyaWRfdXJsIiwic2l6ZSI6IjEwMHgxMDAiLCJuYW0iOjEsIm5hbXAiOiJyaWdodCIsImNvbSI6MSwiY29tcCI6ImRvd24iLCJwcmljZSI6MCwiYm9yIjoxLCJjb2wiOjEsImJidG4iOjEsInByb2QiOjAsImFtcCI6ZmFsc2V9","","",""
"スパ＆ホテル 舞浜ユーラシア","B","通常掲載","その他のホテル","千葉県浦安市千鳥13-20","047-351-4139","https://my-spa.jp","舞浜駅南口C-3乗り場から無料シャトル（約5分・約20分間隔）→舞浜駅→リゾートライン","TDL/TDSとも舞浜駅経由","舞浜・浦安・新浦安の3駅から無料シャトル","なし","","","","シャトルで舞浜駅/新浦安駅へ移動後リムジン","舞浜駅","無料シャトルで約5分（舞浜駅南口C-3）","舞浜駅→リゾートライン","要確認","浦安駅・新浦安駅からも各駅シャトルあり","舞浜駅からJR京葉線で東京方面","シャトルで舞浜/新浦安駅へ→リムジン（大人1,300円）","要確認","館内コンビニなし（最寄デイリーヤマザキ浦安千鳥店・徒歩約10分）","要確認","客室タイプ各種。スパリゾート","あり（舞浜エリア唯一の天然温泉・露天/洞窟/サウナ/岩盤浴/足湯。日帰り可）","館内コインランドリーあり（有料）","約200〜210台。1泊2,000円（スパのみ利用は6時間無料）","要確認","3Fレストラン「オアシス」で朝食ビュッフェ（約2,000円）","IN15:00〜24:00 / OUT10:00","客室・館内Wi-Fi利用可","舞浜エリア唯一の天然温泉スパリゾート。3駅から無料シャトル","2名1室 通常期10,000〜25,000円","舞浜エリア唯一の天然温泉スパリゾート","2026-06-17","SPA & HOTEL Maihama Eurasia","","","https://my-spa.jp/?wovn=en","","","maihama-eurasia","35.6272","139.8957","bath:天然温泉;laundry;shuttle","10000","天然温泉・露天風呂・サウナ","舞浜ユーラシア（SPA&HOTEL）","","daily-yamazaki-chidori","","","https://hb.afl.rakuten.co.jp/hgc/5555fa03.3f01cc2a.5555fa04.2c37c5e2/?pc=https%3A%2F%2Ftravel.rakuten.co.jp%2FHOTEL%2F67868%2F67868.html&link_type=hybrid_url&ut=eyJwYWdlIjoiaXRlbSIsInR5cGUiOiJoeWJyaWRfdXJsIiwic2l6ZSI6IjEwMHgxMDAiLCJuYW0iOjEsIm5hbXAiOiJyaWdodCIsImNvbSI6MSwiY29tcCI6ImRvd24iLCJwcmljZSI6MCwiYm9yIjoxLCJjb2wiOjEsImJidG4iOjEsInByb2QiOjAsImFtcCI6ZmFsc2V9","","",""
"HOTELユーラシア舞浜ANNEX","B","通常掲載","その他のホテル","〒279-0032 千葉県浦安市千鳥10-5","047-700-7000","https://annex.hotel-eurasia.jp","舞浜駅から無料シャトルバスで約15分","TDL/TDSとも舞浜駅経由シャトル","本館（舞浜ユーラシア）と提携・温泉割引利用可","なし（アネックス単体に大浴場なし）","","","","シャトルで舞浜/新浦安駅へ移動後リムジン","舞浜駅","無料シャトル約15分／徒歩約35分","舞浜駅→リゾートライン","徒歩約35分とエリア最長クラス","要確認","舞浜駅からJR京葉線で東京方面","シャトルで舞浜/新浦安駅へ→リムジン（大人1,300円）","要確認","館内小型売店あり。深夜の選択肢は限られる","要確認","南仏ニースイメージの内装。未就学児添い寝1室2名まで","なし（本館温泉を割引利用可・2026年4〜7月半額キャンペーン）","館内コインランドリーあり","42台・完全予約制（満車時は本館駐車場）","要確認","朝食提供あり（詳細は公式確認）","IN15:00〜24:00 / OUT11:00","Wi-Fi接続可能","舞浜ユーラシアの別館。本館の天然温泉を割引利用できるリーズナブル宿","2名1室 通常期8,000〜20,000円","本館の天然温泉を割引で使えるリーズナブルな別館","2026-06-17","Hotel Eurasia Maihama Annex","","","","","","eurasia-annex","35.6236","139.9028","laundry;shuttle","8000","本館温泉を割引利用可","ホテルユーラシア舞浜アネックス","","","","","","","",""
"ハイアット リージェンシー 東京ベイ","C","通常掲載","その他のホテル","千葉県浦安市明海5-8-23","047-305-1234","https://hyattregencytokyobay.jp","無料シャトルバスで約20分（TDR公式特典は対象外）","TDL/TDSとも無料シャトル","パーク特典は対象外","要確認","","","","ホテル前専用リムジン停留所あり（2024年12月20日新設・徒歩0分）","新浦安駅","新浦安駅から無料シャトル／路線バスで約8〜10分","無料シャトル","要確認","新浦安駅南口バス停から徒歩3分圏内","新浦安駅経由JR京葉線で東京駅まで約20分","ホテル前から羽田まで約47〜52分・大人1,300円","ホテル前から成田まで約75分","1Fに「ガーデンブティック」（土産・日用品・食品・飲料）。外部は要確認","要確認","全室洗い場付きバスルーム。12歳以下添い寝無料。クラブラウンジあり","要確認（屋内/屋外プール・スパあり）","要確認（公式確認）","有料（チェックアウト日13時超は30分200円、満車時近隣案内）","要確認","クラブラウンジ利用者はラウンジ朝食。素泊まりは別途支払可","IN15:00〜24:00 / OUT12:00","全室無料Wi-Fi＋Chromecast完備","2024年末にホテル前リムジン停留所新設。全室Chromecastの国際ブランド","2名1室 通常期25,000〜60,000円","2024年末ホテル前にリムジン停留所新設。空港アクセス重視の国際ブランド","2026-06-17","Hyatt Regency Tokyo Bay","","","https://www.hyatt.com/hyatt-regency/en-US/nrtzt-hyatt-regency-tokyo-bay","","","hyatt-regency-tokyo-bay","35.6377","139.9259","pool:屋内外;shuttle;limousine","25000","ホテル前リムジン停留所（2024年新設）","ハイアットリージェンシー東京ベイ","","","","","https://hb.afl.rakuten.co.jp/hgc/5555fa03.3f01cc2a.5555fa04.2c37c5e2/?pc=https%3A%2F%2Ftravel.rakuten.co.jp%2FHOTEL%2F172919%2F172919.html&link_type=hybrid_url&ut=eyJwYWdlIjoiaXRlbSIsInR5cGUiOiJoeWJyaWRfdXJsIiwic2l6ZSI6IjEwMHgxMDAiLCJuYW0iOjEsIm5hbXAiOiJyaWdodCIsImNvbSI6MSwiY29tcCI6ImRvd24iLCJwcmljZSI6MCwiYm9yIjoxLCJjb2wiOjEsImJidG4iOjEsInByb2QiOjAsImFtcCI6ZmFsc2V9","","",""
"コンフォートスイーツ東京ベイ","C","通常掲載","その他のホテル","〒279-0014 千葉県浦安市明海5-8-15","047-380-9211","https://choice-hotels.jp/suites/tokyobay/","ホテル発無料シャトル（閉園22時以前なら閉園後30分以内のダイヤまで運行）","TDL/TDSとも無料シャトル","閉園後30分以内シャトルが実用的な強み","要確認","","","","「ベイサイドホテルエリア」バス停（徒歩約5分）から羽田リムジン","新浦安駅","新浦安駅南口Dから3・23系統で約10分「明海五丁目」下車徒歩約1分","無料シャトル","要確認","新浦安駅南口Dから3・23系統で約10分","新浦安駅からJR京葉線で東京駅まで約20分","ベイサイドホテルエリアバス停から羽田まで約47〜52分・大人1,300円","要確認","館内コンビニあり（営業時間要確認）","要確認","全312室。洗い場別バスルーム。小学6年生まで添い寝無料（1室2名まで）","なし（客室バスルームのみ）","あり（有料）","あり（満車時は近隣案内）","セルフクローク無料（チェックイン前から利用可）","朝食ビュッフェ（詳細・時間は公式確認）","IN15:00 / OUT11:00","全館無料Wi-Fi（FREESPOTも利用可）","Choice Hotels系列。閉園後30分以内シャトル・添い寝無料・セルフクロークが3点セット","2名1室 通常期15,000〜35,000円","パーク閉園後30分以内シャトル・小6まで添い寝無料","2026-06-17","Comfort Suites Tokyo Bay","","","https://www.choicehotels.com/japan/urayasu-city/comfort-suites-hotels/jp085","","","comfort-suites-tokyo-bay","35.6386","139.9274","laundry;shuttle","15000","閉園後30分シャトル・小学6年生まで添い寝無料","コンフォートスイーツ東京ベイ","poi-008","","","","https://hb.afl.rakuten.co.jp/hgc/5555fa03.3f01cc2a.5555fa04.2c37c5e2/?pc=https%3A%2F%2Ftravel.rakuten.co.jp%2FHOTEL%2F165869%2F165869.html&link_type=hybrid_url&ut=eyJwYWdlIjoiaXRlbSIsInR5cGUiOiJoeWJyaWRfdXJsIiwic2l6ZSI6IjEwMHgxMDAiLCJuYW0iOjEsIm5hbXAiOiJyaWdodCIsImNvbSI6MSwiY29tcCI6ImRvd24iLCJwcmljZSI6MCwiYm9yIjoxLCJjb2wiOjEsImJidG4iOjEsInByb2QiOjAsImFtcCI6ZmFsc2V9","","",""
"浦安ブライトンホテル東京ベイ","D","通常掲載","パートナーホテル","千葉県浦安市美浜1-9","047-355-7777","https://urayasu.brightonhotels.co.jp","無料パートナーホテル・シャトル（1日34便）で約15分","TDL/TDSとも無料シャトル","1日最大34便・開園前から閉園後まで運行","新浦安駅と屋根付きデッキで直結","","","","新浦安駅バス停（徒歩1〜2分）からリムジン","新浦安駅","新浦安駅へ屋根付きデッキ直結・徒歩約1分（約80m）","無料シャトル","駅直結のため不要","新浦安駅バス停利用","新浦安駅からJR京葉線快速で東京駅まで約17分","新浦安駅バス停から羽田まで約40〜45分・大人1,300円","新浦安駅バス停から成田まで約60分・大人1,300円","ホテルすぐそばにローソン（24時間）","デッキ直結でMONA新浦安・アトレ新浦安","地上22階建て全189室・42㎡中心。最大5名対応","なし","なし（館内になし）","有料・1泊1台3,000円","あり（チェックイン前預かり・バゲッジデリバリー有料1個800円）","1Fレストラン「カシュカシュ」でビュッフェ（活ベジ朝食）","IN15:00 / OUT12:00","全室無料Wi-Fi完備","新浦安駅デッキ直結徒歩1分。パートナーホテル4軒で最も駅近","2名1室 通常期15,000〜30,000円前後","新浦安駅デッキ直結徒歩1分。パートナー最強の駅近","2026-06-17","Urayasu Brighton Hotel Tokyo Bay","","","https://urayasu.brightonhotels.co.jp/global/english/index.html","","","brighton-tokyo-bay","35.6500","139.9116","shuttle;station;limousine","15000","新浦安駅直結","浦安ブライトンホテル","","poi-002","","mona-shin-urayasu;atre-shin-urayasu","https://hb.afl.rakuten.co.jp/hgc/5555fa03.3f01cc2a.5555fa04.2c37c5e2/?pc=https%3A%2F%2Ftravel.rakuten.co.jp%2FHOTEL%2F978%2F978.html&link_type=hybrid_url&ut=eyJwYWdlIjoiaXRlbSIsInR5cGUiOiJoeWJyaWRfdXJsIiwic2l6ZSI6IjEwMHgxMDAiLCJuYW0iOjEsIm5hbXAiOiJyaWdodCIsImNvbSI6MSwiY29tcCI6ImRvd24iLCJwcmljZSI6MCwiYm9yIjoxLCJjb2wiOjEsImJidG4iOjEsInByb2QiOjAsImFtcCI6ZmFsc2V9","","",""
"オリエンタルホテル東京ベイ","D","通常掲載","パートナーホテル","千葉県浦安市美浜1-8-2","047-350-8111","https://oriental-hotel.co.jp","無料シャトルバス（1日最大69便・始発7時）で約15分。早朝は新浦安→舞浜1駅3分が実用的","TDL/TDSとも無料シャトル","1日最大69便と本数が突出（始発7時）","新浦安駅と屋根付きデッキで直結","","","","新浦安駅バス停（徒歩1分）からリムジン","新浦安駅","新浦安駅へ屋根付きデッキ直結・徒歩約1分（舞浜まで1駅3分）","無料シャトル","駅直結のため不要","新浦安駅バス停利用","新浦安駅からJR京葉線で東京駅まで約20分","新浦安駅バス停から羽田まで約40〜45分・大人1,300円","新浦安駅バス停から成田まで約60分・大人1,300円","館内に24時間営業の売店・コンビニあり","デッキ直結でアトレ新浦安・MONA新浦安","全511室。シンデレラ城イメージ客室・「TIROIR」システム。オリエンタルフロアは14:00IN","なし","2Fに乾燥機付きあり","累進料金：1泊2,500円・2泊3,500円・3泊4,500円・4泊以降5,500円","要確認","ビュッフェ（焼きたてハンバーガー等）","IN15:00（オリエンタルフロアは14:00〜） / OUT12:00","全室Wi-Fi無料","新浦安駅デッキ直結＋シャトル69便＋館内24hコンビニ","2名1室 通常期16,500円〜","新浦安駅デッキ直結＋シャトル1日69便＋館内24hコンビニ","2026-06-17","Oriental Hotel Tokyo Bay","","","https://www.oriental-hotel.co.jp/en/","","","oriental-tokyo-bay","35.6509","139.9127","laundry;convenience;shuttle;station;limousine","16500","新浦安駅直結","オリエンタルホテル東京ベイ","poi-002","","","atre-shin-urayasu;mona-shin-urayasu","https://hb.afl.rakuten.co.jp/hgc/5555fa03.3f01cc2a.5555fa04.2c37c5e2/?pc=https%3A%2F%2Ftravel.rakuten.co.jp%2FHOTEL%2F1238%2F1238.html&link_type=hybrid_url&ut=eyJwYWdlIjoiaXRlbSIsInR5cGUiOiJoeWJyaWRfdXJsIiwic2l6ZSI6IjEwMHgxMDAiLCJuYW0iOjEsIm5hbXAiOiJyaWdodCIsImNvbSI6MSwiY29tcCI6ImRvd24iLCJwcmljZSI6MSwiYm9yIjoxLCJjb2wiOjEsImJidG4iOjEsInByb2QiOjAsImFtcCI6ZmFsc2V9","","",""
"ホテルエミオン東京ベイ","C","通常掲載","パートナーホテル","〒279-0013 千葉県浦安市日の出1-1-1","047-304-2727","https://hotel-emion.jp","パートナーホテル無料シャトルで約15分（朝6:40〜9:00台は10〜20分間隔・混雑時増発）","TDL/TDSとも無料シャトル","直結ではなく無料シャトル約15分","要確認","","","","「日の出公民館」バス停から羽田リムジン（乗り場と降り場が異なる点に注意）","新浦安駅","徒歩約7分（約659m）。「日の出公民館」バス停から路線バス約4分も可","無料シャトル","徒歩約7分","「日の出公民館」バス停から路線バス","新浦安駅からJR京葉線で東京方面","「日の出公民館」バス停から羽田まで約45分・大人1,300円","要確認","館内ファミリーマートあり（24時間営業ではない）","要確認","全584室。和室含む約20種。最大6名ファミリールーム56㎡・コネクティング最大8名。未就学児1名添い寝無料","あり（TDR提携唯一の天然温泉・大浴場/サウナ/露天。有料施設・5:30〜10:00/17:00〜25:00）","あり（有料）","平面338台・1泊2,000円（2026年10月以降改定予定・高さ2.5m）","要確認（バゲッジ対応は記載なし）","和洋中ビュッフェ（地元特産品も）。無料レンタサイクルあり（事前予約制）","IN15:00〜24:00 / OUT12:00","全室Wi-Fi利用可","パートナーホテル唯一の天然温泉。和室・大人数対応で3世代・子連れに強い","2名1室 通常期18,000円〜","パートナーホテル唯一の天然温泉。3世代・子連れに強い","2026-06-17","Hotel Emion Tokyo Bay","","","https://www.hotel-emion.jp/english/","","","emion-tokyo-bay","35.6477","139.9203","bath:天然温泉;laundry;shuttle;limousine","18000","天然温泉・露天風呂","ホテルエミオン東京ベイ","emion-familymart;poi-063","","","","https://hb.afl.rakuten.co.jp/hgc/5555fa03.3f01cc2a.5555fa04.2c37c5e2/?pc=https%3A%2F%2Ftravel.rakuten.co.jp%2FHOTEL%2F38529%2F38529.html&link_type=hybrid_url&ut=eyJwYWdlIjoiaXRlbSIsInR5cGUiOiJoeWJyaWRfdXJsIiwic2l6ZSI6IjEwMHgxMDAiLCJuYW0iOjEsIm5hbXAiOiJyaWdodCIsImNvbSI6MSwiY29tcCI6ImRvd24iLCJwcmljZSI6MCwiYm9yIjoxLCJjb2wiOjEsImJidG4iOjEsInByb2QiOjAsImFtcCI6ZmFsc2V9","","",""
"三井ガーデンホテルプラナ東京ベイ","C","通常掲載","パートナーホテル","千葉県浦安市明海6-2-1","047-382-3331","https://gardenhotels.co.jp/prana-tokyobay/","パートナーホテル無料シャトル（予約不要）で約20分（最大10分間隔・混雑時増便）","TDL/TDSとも無料シャトル","直結ではなく無料シャトル約20分","要確認","","","","ホテル敷地内に羽田・成田リムジン専用停留所あり","新浦安駅","新浦安駅南口Dから3・23系統で約10分「三井ガーデンホテル」下車徒歩約3分","無料シャトル","要確認","新浦安駅南口Dから3・23系統で約10分","新浦安駅からJR京葉線で東京方面","敷地内専用停留所から羽田まで約50〜55分・大人1,300円（停車しない便あり・要確認）","敷地内専用停留所からリムジンあり","館内に24時間コンビニあり","要確認","標準30㎡以上・バス/トイレ別（洗い場付き）。最大6名対応の大部屋","あり（最上階展望大浴場・宿泊者無料・18:00〜翌9:00）","あり（有料）","1泊2,000円前後（車高2.3m・車幅1.8m・車長5m制限）","あり（バゲッジデリバリーサービス）","和洋ビュッフェ（キッズ専用コーナー。料金は2026年9月11日宿泊分より改定予定）","IN15:00（プランにより異なる場合あり） / OUT12:00","全館無料Wi-Fi","最上階展望大浴場＋館内24hコンビニ＋ホテル前リムジン","2名1室 通常期18,000円〜","最上階展望大浴場＋館内24hコンビニ＋ホテル前リムジン","2026-06-16","Mitsui Garden Hotel Prana Tokyo Bay","","","https://www.gardenhotels.co.jp/prana-tokyobay/eng/","","","mitsui-garden-prana","35.6361","139.9243","bath:無料・展望;laundry;convenience;shuttle;limousine","18000","展望大浴場・館内コンビニ","三井ガーデンホテルプラナ東京ベイ","poi-006","","","","https://hb.afl.rakuten.co.jp/hgc/5555fa03.3f01cc2a.5555fa04.2c37c5e2/?pc=https%3A%2F%2Ftravel.rakuten.co.jp%2FHOTEL%2F67046%2F67046.html&link_type=hybrid_url&ut=eyJwYWdlIjoiaXRlbSIsInR5cGUiOiJoeWJyaWRfdXJsIiwic2l6ZSI6IjEwMHgxMDAiLCJuYW0iOjEsIm5hbXAiOiJyaWdodCIsImNvbSI6MSwiY29tcCI6ImRvd24iLCJwcmljZSI6MCwiYm9yIjoxLCJjb2wiOjEsImJidG4iOjEsInByb2QiOjAsImFtcCI6ZmFsc2V9","","",""
"星野リゾート 1955 東京ベイ","C","通常掲載","その他のホテル","〒279-0013 千葉県浦安市日の出7-2-3","050-3134-8097（予約センター）","https://hoshinoresorts.com/ja/hotels/1955tokyobay/","専用無料シャトル（バスナンバー1955・赤色）でTDRまで約30分・毎日運行（パーク特典は対象外）","TDL/TDSとも専用シャトル","一般ホテルのためハッピーエントリー対象外","要確認","","","","無料シャトル/路線バスで新浦安駅へ→南口Hのりばからリムジン","新浦安駅","東京ベイシティバスまたはホテル無料シャトルで約10分／徒歩約30分（2.2km）","専用無料シャトル","徒歩約30分（2.2km）","東京ベイシティバス／無料シャトル","新浦安駅からJR京葉線で東京駅まで約20分","新浦安駅南口Hのりばから羽田まで約40〜45分・大人1,300円","要確認","館内にローソンあり","要確認","全638室・23タイプ。「1955年のアメリカ」コンセプト。スタンダード最大3名","なし（館内大浴場なし）","館内コインランドリーあり","339台（宿泊者のみ12時間毎500円）","あり（館内ロッカー無料）","レストランでバイキング朝食。フリースペース「2nd Room」あり","IN15:00 / OUT11:00","全客室・共用エリアで無料Wi-Fi","2024年6月開業・星野リゾート初の千葉施設。館内ローソン・339台駐車場","2名1室 通常期18,000〜50,000円","2024年開業「1955年アメリカ」コンセプト＋館内ローソン","2026-06-17","1955 Tokyo Bay by Hoshino Resorts","","","https://hoshinoresorts.com/en/hotels/1955tokyobay/","","","hoshinoresorts-1955-tokyo-bay","35.6375","139.9320","laundry;convenience;shuttle","18000","館内ローソン・2024年開業","星野リゾート 1955 東京ベイ","hoshino-lawson","","","","https://hb.afl.rakuten.co.jp/hgc/5555fa03.3f01cc2a.5555fa04.2c37c5e2/?pc=https%3A%2F%2Ftravel.rakuten.co.jp%2FHOTEL%2F188799%2F188799.html&link_type=hybrid_url&ut=eyJwYWdlIjoiaXRlbSIsInR5cGUiOiJoeWJyaWRfdXJsIiwic2l6ZSI6IjEwMHgxMDAiLCJuYW0iOjEsIm5hbXAiOiJyaWdodCIsImNvbSI6MSwiY29tcCI6ImRvd24iLCJwcmljZSI6MCwiYm9yIjoxLCJjb2wiOjEsImJidG4iOjEsInByb2QiOjAsImFtcCI6ZmFsc2V9","","",""
"ラ・ジェント・ホテル東京ベイ","C","通常掲載","その他のホテル","〒279-0013 千葉県浦安市日の出5-7-1","047-305-8015","https://lagent.jp/tokyo-bay/","ホテル発無料シャトルで約25分。帰りは21時頃まで（最終便は公式確認）","TDL/TDSとも無料シャトル","帰り便21時頃まで・以降はタクシー等","なし","","","","「ベイサイドホテルエリア」バス停（徒歩約5分）から羽田リムジン","新浦安駅","南口から3・11・23系統で約10〜15分「ベイサイドホテルエリア」下車徒歩約5分","無料シャトル／路線バス","要確認","南口から3・11・23系統","新浦安駅からJR京葉線で東京まで約20分","ベイサイドホテルエリアバス停から羽田まで約47〜52分・大人1,300円","要確認","ホテル隣接に24時間コンビニあり","要確認","最大6名対応の大部屋あり。未就学児添い寝無料。全室ハリウッドツイン・禁煙","なし（全室洗い場付き浴室）","館内に洗濯乾燥機4台（有料）","190台（先着順）。1泊1,000〜1,650円（要確認）","あり（荷物預かり）","朝食BOX（弁当）。ラウンジでドリンクバー無料","IN15:00 / OUT12:00","全客室で無料Wi-Fi","2024楽天シルバーアワード受賞。隣接24hコンビニ・190台駐車場・最大6名","2名1室 通常期8,000〜20,000円","隣接24hコンビニ・190台駐車場・最大6名の三点セット","2026-06-17","La'gent Hotel Tokyo Bay","","","","","","lagent-tokyo-bay","35.6407","139.9296","laundry;shuttle","8000","最大6名対応・24時間コンビニ隣接","ラ・ジェント・ホテル東京ベイ","","poi-019","","","https://hb.afl.rakuten.co.jp/hgc/5555fa03.3f01cc2a.5555fa04.2c37c5e2/?pc=https%3A%2F%2Ftravel.rakuten.co.jp%2FHOTEL%2F158612%2F158612.html&link_type=hybrid_url&ut=eyJwYWdlIjoiaXRlbSIsInR5cGUiOiJoeWJyaWRfdXJsIiwic2l6ZSI6IjEwMHgxMDAiLCJuYW0iOjEsIm5hbXAiOiJyaWdodCIsImNvbSI6MSwiY29tcCI6ImRvd24iLCJwcmljZSI6MCwiYm9yIjoxLCJjb2wiOjEsImJidG4iOjEsInByb2QiOjAsImFtcCI6ZmFsc2V9","","",""
"イビス スタイルズ 東京ベイ","C","通常掲載","その他のホテル","〒279-0013 千葉県浦安市日の出2-1-1","047-381-6775","https://ibisstylestokyobay.com","ホテル発無料シャトルバスを毎日運行（パーク特典は対象外）","TDL/TDSとも無料シャトル","一般ホテルのためハッピーエントリー対象外","要確認","","","","新浦安駅南口Cのりばから羽田リムジン","新浦安駅","南口Cから17系統「日の出保育園入口」下車徒歩1分／徒歩約15分","無料シャトル／路線バス","徒歩約15分","南口Cから17系統","新浦安駅からJR京葉線・武蔵野線で東京駅まで約17分","新浦安駅南口Cのりばから羽田まで約40〜45分・大人1,300円","要確認","最寄コンビニの詳細は要確認","要確認","アコーホテルズのデザインブランド。11歳まで添い寝無料","なし（館内に大浴場なし）","館内コインランドリーあり（有料）","敷地内36台（先着順）","あり（チェックイン前・チェックアウト後当日中）","和洋食ビュッフェ","IN14:00 / OUT11:00","館内・客室Wi-Fi無料","アコー系デザインホテル。14時IN・朝食込みのプランが中心","2名1室 通常期10,000〜25,000円","アコー系デザインホテル・14時IN・朝食込み","2026-06-17","ibis Styles Tokyo Bay","","","https://ibisstylestokyobay.com/en/","","","ibis-styles-tokyo-bay","35.6490","139.9217","laundry;shuttle;limousine","10000","アコーホテルズ系デザインホテル","イビススタイルズ東京ベイ","","","","","https://hb.afl.rakuten.co.jp/hgc/5555fa03.3f01cc2a.5555fa04.2c37c5e2/?pc=https%3A%2F%2Ftravel.rakuten.co.jp%2FHOTEL%2F167677%2F167677.html&link_type=hybrid_url&ut=eyJwYWdlIjoiaXRlbSIsInR5cGUiOiJoeWJyaWRfdXJsIiwic2l6ZSI6IjEwMHgxMDAiLCJuYW0iOjEsIm5hbXAiOiJyaWdodCIsImNvbSI6MSwiY29tcCI6ImRvd24iLCJwcmljZSI6MCwiYm9yIjoxLCJjb2wiOjEsImJidG4iOjEsInByb2QiOjAsImFtcCI6ZmFsc2V9","","",""
"マイステイズ新浦安コンファレンスセンター","C","通常掲載","その他のホテル","〒279-0014 千葉県浦安市明海2-1-4","047-709-1600","https://mystays.com/hotel-shin-urayasu/","無料シャトルは夜間3本程度（系列3施設共通で混雑）。往路は路線バス/タクシーが現実的","TDL/TDSとも無料シャトル（夜間のみ）","シャトル少なく往路は使えない","なし","","","","新浦安駅バス停（南口Hのりば）から羽田リムジン","新浦安駅","東京ベイシティバスで約5分「明海大学前」下車徒歩約5分／徒歩約15分","路線バス（明海大学前）／タクシー","徒歩約15分","東京ベイシティバス（明海大学前）","新浦安駅からJR京葉線で東京駅まで約20分","新浦安駅バス停から羽田まで約40〜45分・大人1,300円","要確認","館内は自販機のみ（パン・カップ麺等）。外部コンビニは新浦安駅方面","新浦安駅方面","ビジネスホテル175室。コンファレンスセンター併設","なし（×大浴場）","あり（有料200円/回・24時間利用可）","あり（詳細・料金は公式要問い合わせ）","あり（フロント預かり）","1Fレストラン「旬彩ダイニング四季菜」で和洋ビュッフェ（7:00〜9:30）","IN15:00 / OUT10:00","全客室Wi-Fi・有線LAN利用可","新浦安エリア最安値クラス7,500円台〜。24時間コインランドリー","1室 通常期7,500〜20,000円","新浦安エリア最安値クラス7,500円台〜・24hランドリー","2026-06-17","HOTEL MYSTAYS Shin Urayasu Conference Center","","","https://www.mystays.com/en-us/facilities-hotel-mystays-shin-urayasu-cc-chiba/","","","mystays-shin-urayasu","35.6440","139.9156","laundry","7500","安定した低価格帯","マイステイズ新浦安コンファレンスセンター","","","","","https://hb.afl.rakuten.co.jp/hgc/5555fa03.3f01cc2a.5555fa04.2c37c5e2/?pc=https%3A%2F%2Ftravel.rakuten.co.jp%2FHOTEL%2F76849%2F76849.html&link_type=hybrid_url&ut=eyJwYWdlIjoiaXRlbSIsInR5cGUiOiJoeWJyaWRfdXJsIiwic2l6ZSI6IjEwMHgxMDAiLCJuYW0iOjEsIm5hbXAiOiJyaWdodCIsImNvbSI6MSwiY29tcCI6ImRvd24iLCJwcmljZSI6MCwiYm9yIjoxLCJjb2wiOjEsImJidG4iOjEsInByb2QiOjAsImFtcCI6ZmFsc2V9","","",""
"フレックステイイン新浦安","D","通常掲載","その他のホテル","〒279-0022 千葉県浦安市今川4-1-29","047-381-8201","https://flexstay.com/shinurayasu/","無料シャトルバス運行（本数・時刻は公式確認）。または舞浜駅から路線バス約10〜15分","TDL/TDSとも無料シャトル","運行本数等は要確認","なし","","","","新浦安駅南口Hのりばから羽田リムジン","新浦安駅","徒歩約15分／「サンコーポ西口」バス停から路線バス","無料シャトル／路線バス","徒歩約15分","「サンコーポ西口」バス停から路線バス","新浦安駅からJR京葉線で東京駅まで約20分","新浦安駅南口Hのりばから羽田まで約40〜45分・大人1,300円","要確認","徒歩約2分にコンビニあり","要確認","全室ミニキッチン完備の長期滞在型。定員・部屋タイプは公式確認","なし（全室ミニキッチン・客室バス）","館内コインランドリーあり（有料）","予約制（1泊チェックアウトまで1,630円税込）","要確認","素泊まり中心（朝食なしプランが多い）","IN14:00 / OUT10:00","全室無料Wi-Fi・有線LAN利用可","マイステイズ系列の長期滞在型。全室ミニキッチン・コンビニ徒歩2分","1名 約7,000円〜（変動制・素泊まり中心）","全室ミニキッチンの長期滞在型・コンビニ徒歩2分","2026-06-17","FLEXSTAY INN Shin Urayasu","","","https://iconia.co.jp/en-us/hotel-flexstay-inn-shin-urayasu-chiba/","","","flexstay-shin-urayasu","35.642556","139.904282","laundry;shuttle;kitchen","7000","全室ミニキッチン・長期滞在型","フレックステイイン新浦安","","","","","https://hb.afl.rakuten.co.jp/hgc/5555fa03.3f01cc2a.5555fa04.2c37c5e2/?pc=https%3A%2F%2Ftravel.rakuten.co.jp%2FHOTEL%2F30925%2F30925.html&link_type=hybrid_url&ut=eyJwYWdlIjoiaXRlbSIsInR5cGUiOiJoeWJyaWRfdXJsIiwic2l6ZSI6IjEwMHgxMDAiLCJuYW0iOjEsIm5hbXAiOiJyaWdodCIsImNvbSI6MSwiY29tcCI6ImRvd24iLCJwcmljZSI6MCwiYm9yIjoxLCJjb2wiOjEsImJidG4iOjEsInByb2QiOjAsImFtcCI6ZmFsc2V9","","",""
"変なホテル舞浜 東京ベイ","E","通常掲載","その他のホテル","〒279-0043 千葉県浦安市富士見5-3-23","047-316-2828","https://hennnahotel.com/maihama/","舞浜駅⇔ホテル間の無料シャトルを毎日運行（2026年7月1日に減便・時刻変更）","TDL/TDSとも舞浜駅経由","2026年7月1日にシャトル減便（朝8:40便減・9:10/夜18:40便廃止）","なし","","","","専用リムジン停留所なし","舞浜駅","「富士見5丁目」バス停（徒歩1分）から9系統等で約4分","路線バス→舞浜駅→リゾートライン","要確認","「富士見5丁目」バス停から路線バス","舞浜駅からJR京葉線で東京駅まで約20分","「東京ディズニーランド」バス停（徒歩約18分）かリゾートライン経由（大人1,300円）","要確認","館内コンビニなし（1Fに電子レンジ・製氷機・自販機）。最寄コンビニ徒歩約10分。近隣にドラッグストア「ドラッグセイムス舞浜店」（8:00-23:45）","要確認","全100室。全室ロボホン設置。全室バス・トイレ別で広く深い浴槽","なし","館内コインランドリーなし（徒歩2分「雪だるま」が最寄）","事前予約15台・当日14台。1泊2,000円（平日）/2,500円（土日祝）","要確認","レストラン「ジュラシックダイナー」で朝食（口コミ高め）","IN15:00 / OUT11:00","客室・ロビーWi-Fi無料","ギネス認定の世界初ロボットホテル。恐竜ロボット＋全室ロボホン","1室 11,200〜79,600円（変動大）","ギネス認定ロボットホテル。恐竜ロボット＋全室ロボホン","2026-06-27","Henn na Hotel Maihama Tokyo Bay","","","https://global.hennnahotel.com/en/maihama/","","","henna-hotel-maihama","35.6450","139.8877","shuttle","11000","舞浜駅シャトル運行（2026年7月減便）","変なホテル舞浜","","","seims-maihama","","https://hb.afl.rakuten.co.jp/hgc/5555fa03.3f01cc2a.5555fa04.2c37c5e2/?pc=https%3A%2F%2Ftravel.rakuten.co.jp%2FHOTEL%2F160670%2F160670.html&link_type=hybrid_url&ut=eyJwYWdlIjoiaXRlbSIsInR5cGUiOiJoeWJyaWRfdXJsIiwic2l6ZSI6IjEwMHgxMDAiLCJuYW0iOjEsIm5hbXAiOiJyaWdodCIsImNvbSI6MSwiY29tcCI6ImRvd24iLCJwcmljZSI6MCwiYm9yIjoxLCJjb2wiOjEsImJidG4iOjEsInByb2QiOjAsImFtcCI6ZmFsc2V9","","",""
"フォーストーリーズホテル舞浜 東京ベイ","E","通常掲載","その他のホテル","〒279-0043 千葉県浦安市富士見1-11-31","047-314-5444","https://hpdsp.jp/fourstorieshotel/","ホテル前「堀江中学校前」バス停から路線バスで舞浜駅まで約7分（170円）→リゾートライン。TDR直通シャトルなし・最終バス23:00","TDL/TDSとも舞浜駅経由","TDRエリアで唯一TDR直通シャトルなし","なし","","","","専用リムジン停留所なし","舞浜駅","バス約7分（170円）。徒歩ルートの公式案内なし","路線バス→舞浜駅→リゾートライン","要確認","「堀江中学校前」バス停から路線バス","舞浜駅からJR京葉線で東京駅まで約20分","路線バスで舞浜駅または新浦安駅経由（大人1,300円）","要確認","館内コンビニなし。最寄セブンイレブン浦安舞浜店まで徒歩約19分","要確認","全26室。4フロアが異なる物語モチーフ。定員はタイプにより異なる","なし","あり（有料）","8台（ホテルから100m・予約制・1泊1,500円）","要確認","朝食の詳細は公式サイト要確認","IN15:00〜24:00 / OUT10:00","客室・共有エリアWi-Fi利用可","2021年開業・全26室小規模。TDRエリア最安値クラス（最終バス23:00注意）","2名1室 通常期10,000〜25,000円","TDRエリア最安値クラス・4フロア物語テーマ（最終バス23:00注意）","2026-06-17","Four Stories Hotel Maihama Tokyo Bay","","","https://hpdsp.jp/fourstorieshotel/en/","","","four-stories-hotel","35.650735","139.891043","laundry","10000","路線バス利用（最終23:00）","フォーストーリーズホテル舞浜","","seven-eleven-urayasu-maihama","","","https://hb.afl.rakuten.co.jp/hgc/5555fa03.3f01cc2a.5555fa04.2c37c5e2/?pc=https%3A%2F%2Ftravel.rakuten.co.jp%2FHOTEL%2F182605%2F182605.html&link_type=hybrid_url&ut=eyJwYWdlIjoiaXRlbSIsInR5cGUiOiJoeWJyaWRfdXJsIiwic2l6ZSI6IjEwMHgxMDAiLCJuYW0iOjEsIm5hbXAiOiJyaWdodCIsImNvbSI6MSwiY29tcCI6ImRvd24iLCJwcmljZSI6MCwiYm9yIjoxLCJjb2wiOjEsImJidG4iOjEsInByb2QiOjAsImFtcCI6ZmFsc2V9","","",""
"日和ホテル舞浜","D","通常掲載","その他のホテル","〒279-0042 千葉県浦安市東野2-25-8","047-390-7300","https://maihama.hiyori-hotel.jp/","舞浜駅南口「C3」乗り場から無料送迎バスで約10分（時刻は公式確認）","TDL/TDSとも舞浜駅C3経由","東野エリア立地","なし","","","","新浦安駅バス停（南口Hのりば）から羽田リムジン","新浦安駅","東京ベイシティバス5系統で約10分「第四街区公園入口」下車／舞浜駅から路線バス約10〜15分","無料送迎バス（舞浜駅C3）","現実的でない（バス利用が基本）","東京ベイシティバス5系統","新浦安駅からJR京葉線で東京駅まで約20分","新浦安駅南口Hのりばから羽田まで約40〜45分・大人1,300円","要確認","ホテル内コンビニなし（チェックイン時に周辺マップ配布）","要確認","全室に靴乾燥機・フットマッサージ器・洗い場付きバス・フルーツウォーターサーバー（無料）","なし（客室は洗い場付きセパレートバス）","館内コインランドリーあり（有料）","40台・先着順・予約不可・1泊1,000円","要確認","和洋ビュッフェ（30種類以上・時間は公式確認）","IN15:00 / OUT11:00","Wi-Fiは公式サイト要確認","全室フットマッサージ器・靴乾燥機でパーク帰りをケア","2名 約10,000円〜（変動制）","全室フットマッサージ器・靴乾燥機でパーク帰りをケア","2026-06-17","HIYORI HOTEL Maihama","","","https://maihama.hiyori-hotel.jp/lang_en/","","","hiyori-hotel-maihama","35.646345","139.897186","laundry;shuttle","10000","全室フットマッサージ器・靴乾燥機","日和ホテル舞浜","","","","","https://hb.afl.rakuten.co.jp/hgc/5555fa03.3f01cc2a.5555fa04.2c37c5e2/?pc=https%3A%2F%2Ftravel.rakuten.co.jp%2FHOTEL%2F161050%2F161050.html&link_type=hybrid_url&ut=eyJwYWdlIjoiaXRlbSIsInR5cGUiOiJoeWJyaWRfdXJsIiwic2l6ZSI6IjEwMHgxMDAiLCJuYW0iOjEsIm5hbXAiOiJyaWdodCIsImNvbSI6MSwiY29tcCI6ImRvd24iLCJwcmljZSI6MCwiYm9yIjoxLCJjb2wiOjEsImJidG4iOjEsInByb2QiOjAsImFtcCI6ZmFsc2V9","","",""
"浦安ビューフォートホテル","F","通常掲載","その他のホテル","〒279-0004 千葉県浦安市猫実4-18-28","047-355-8888","https://www.urayasubeaufort.jp/","浦安駅前バス停から京成バス千葉ウエストで約25〜30分。専用シャトルなし","TDL/TDSとも浦安駅前バス経由","専用シャトルバスなし","なし","","","","浦安駅→日本橋経由で羽田（専用リムジンなし）","浦安駅（東京メトロ東西線）","浦安駅から徒歩約1分","路線バス（浦安駅前）","要確認","浦安駅前バス停から京成バス千葉ウエスト","東西線で日本橋まで約16分・大手町まで約18分","浦安駅→日本橋→都営浅草線/京急で羽田まで約60分","要確認","ホテル裏手にコンビニあり（深夜・早朝可）。館内自販機","要確認","コンパクトなビジネスホテル。客室タイプ・定員は予約サイト確認。全室無料Wi-Fi","なし","要確認","1泊1,100円（事前電話予約制・車高制限1.55m・第2駐車場徒歩約3分）","要確認","ビュッフェ朝食（7:00〜9:30・焼きたてクロワッサン名物）","IN15:00 / OUT11:00","全室無料Wi-Fi対応","浦安駅徒歩1分。クロワッサン名物のビュッフェ朝食","2名 約9,000円〜（変動制）","浦安駅徒歩1分・クロワッサン名物のビュッフェ朝食","2026-06-17","Urayasu Beaufort Hotel","","","https://www.urayasubeaufort.jp/en/","","","viewfort-urayasu","35.66471","139.892687","station","9000","浦安駅徒歩1分・ビュッフェ朝食","浦安ビューフォートホテル","","","","","https://hb.afl.rakuten.co.jp/hgc/5555fa03.3f01cc2a.5555fa04.2c37c5e2/?pc=https%3A%2F%2Ftravel.rakuten.co.jp%2FHOTEL%2F1199%2F1199.html&link_type=hybrid_url&ut=eyJwYWdlIjoiaXRlbSIsInR5cGUiOiJoeWJyaWRfdXJsIiwic2l6ZSI6IjEwMHgxMDAiLCJuYW0iOjEsIm5hbXAiOiJyaWdodCIsImNvbSI6MSwiY29tcCI6ImRvd24iLCJwcmljZSI6MCwiYm9yIjoxLCJjb2wiOjEsImJidG4iOjEsInByb2QiOjAsImFtcCI6ZmFsc2V9","","",""
"ホテル醍醐","F","通常掲載","その他のホテル","〒279-0002 千葉県浦安市北栄1-11-1","047-351-3772","要確認（公式予約ページ未確定）","専用シャトルなし。浦安駅バス停から路線バスで舞浜駅方面へ約25〜30分（240円）／車で約10分","TDL/TDSとも浦安駅バス経由","専用シャトルなし。年中均一料金が特徴","なし","","","","浦安駅→日本橋経由で羽田（専用リムジンなし）","浦安駅（東京メトロ東西線）","浦安駅から徒歩約3分","路線バス（浦安駅）","要確認","浦安駅バス停から路線バス","東西線で大手町まで約18分","浦安駅→日本橋→都営浅草線/京急で羽田まで約60分","要確認","ホテル下にコンビニあり。1階にビール自販機","要確認","全31室・和室あり（4名利用可）。ユニットバス（トイレ・浴室一体型）","なし","要確認","8台無料（普通車のみ・先着順・予約不可）","要確認","朝食なし（素泊まり中心）","IN16:00 / OUT10:00","館内無料Wi-Fi利用可","繁忙期も値上げしない年中均一料金。全31室・カード不可（現金のみ）","年中均一料金（2名1室 約11,000円〜・4名1室 約25,000円／税込）","繁忙期も値上げしない年中均一料金が珍しい小規模ホテル","2026-06-17","Hotel Daigo","","","","","","hotel-daigo-urayasu","35.666597","139.895219","station","11000","年中均一料金・繁忙期も値上げなし","ホテル醍醐","","","","","","","",""
"BAYHOTEL浦安駅前","F","通常掲載","その他のホテル","〒279-0002 千葉県浦安市北栄1-15-28","047-702-8091","https://bay-hotel.jp/urayasu/","浦安駅バス停から東京ベイシティバスで舞浜駅方面へ約25〜30分（240円）","TDL/TDSとも浦安駅バス経由","パークへはバスで約30分","なし","","","","浦安駅→日本橋経由で羽田（成田は新浦安駅リムジンが現実的）","浦安駅（東京メトロ東西線）","浦安駅から徒歩1〜2分","路線バス（浦安駅前・歩道橋経由徒歩約2分）","要確認","浦安駅前バス停から東京ベイシティバス","東西線で大手町約18分・秋葉原約30分・銀座約25分","浦安駅→日本橋経由で羽田まで約60分","新浦安駅→リムジン利用が現実的","ホテル1階にコンビニあり","ホテル真向かいに24時間営業スーパー西友","全室30㎡・ダブルベッド2台で最大4名。キッチン・冷蔵庫・オーブンレンジ・洗濯機・トイレ浴室別","なし","不要（全室に洗濯機付き）","公式サイト要確認","あり（当日預かり・郵送対応）","朝食提供なし（全室キッチン自炊スタイル）","IN15:00 / OUT10:00","全室無料Wi-Fi完備","浦安駅前・全室キッチン＋目の前24h西友で自炊滞在。都内観光拠点にも","2名1室 通常期14,000円〜","浦安駅前・全室キッチン＋目の前24h西友で自炊滞在","2026-06-17","BAY HOTEL Urayasu-ekimae","","","https://www.bay-hotel.jp/eng/","","","bayhotel-urayasu","35.665547","139.894629","station;kitchen","14000","全室キッチン・冷蔵庫・洗濯機付き","BAYHOTEL浦安駅前","","","","seiyu-urayasu-ekimae","https://hb.afl.rakuten.co.jp/hgc/5555fa03.3f01cc2a.5555fa04.2c37c5e2/?pc=https%3A%2F%2Ftravel.rakuten.co.jp%2FHOTEL%2F167313%2F167313.html&link_type=hybrid_url&ut=eyJwYWdlIjoiaXRlbSIsInR5cGUiOiJoeWJyaWRfdXJsIiwic2l6ZSI6IjEwMHgxMDAiLCJuYW0iOjEsIm5hbXAiOiJyaWdodCIsImNvbSI6MSwiY29tcCI6ImRvd24iLCJwcmljZSI6MCwiYm9yIjoxLCJjb2wiOjEsImJidG4iOjEsInByb2QiOjAsImFtcCI6ZmFsc2V9","","",""
"浦安サンホテル","F","通常掲載","その他のホテル","〒279-0001 千葉県浦安市当代島1-19-13","047-382-8811","https://urayasu-sun-hotel.com/","浦安駅前バス停から京成バス千葉ウエストで約20分。専用シャトルなし","TDL/TDSとも浦安駅前バス経由","専用シャトルなし","なし","","","","浦安駅→日本橋経由で羽田（専用リムジンなし）","浦安駅（東京メトロ東西線）","浦安駅から徒歩約3分","路線バス（浦安駅前）","要確認","浦安駅前バス停から京成バス千葉ウエスト","東西線快速で大手町まで約15〜17分","浦安駅→日本橋→都営浅草線/京急で羽田まで約60分","要確認","周辺コンビニあり","要確認","部屋タイプ・定員は公式サイト要確認。客室内無料Wi-Fi","なし","2Fに洗濯機2台・乾燥機2台（有料・洗剤販売あり）","先着順10台・1泊900円","あり（フロント預かり）","毎朝6:00から無料コンチネンタルブレックファスト（パン・サラダ・コーヒー・ジュース等）","IN15:00（最終チェックイン0:30） / OUT10:00","客室内無料Wi-Fi","無料朝食・24時間フロント・コインランドリーの3点セット。デイユース8,800円〜","1室 約5,000円〜（変動制／デイユース8,800円〜）","無料朝食・24時間フロント・コインランドリーの3点セット","2026-06-17","Urayasu Sun Hotel","","","https://www.urayasu-sun-hotel.com/english/","","","urayasu-sun-hotel","35.665574","139.890164","laundry;station","5000","無料朝食・24時間フロント","浦安サンホテル","","","","","https://hb.afl.rakuten.co.jp/hgc/5555fa03.3f01cc2a.5555fa04.2c37c5e2/?pc=https%3A%2F%2Ftravel.rakuten.co.jp%2FHOTEL%2F143299%2F143299.html&link_type=hybrid_url&ut=eyJwYWdlIjoiaXRlbSIsInR5cGUiOiJoeWJyaWRfdXJsIiwic2l6ZSI6IjEwMHgxMDAiLCJuYW0iOjEsIm5hbXAiOiJyaWdodCIsImNvbSI6MSwiY29tcCI6ImRvd24iLCJwcmljZSI6MCwiYm9yIjoxLCJjb2wiOjEsImJidG4iOjEsInByb2QiOjAsImFtcCI6ZmFsc2V9","","",""
"M4 design hotel","D","名称・カテゴリのみ掲載","ファッションホテル","要確認","要確認","要確認","要確認","要確認","","","","","","要確認","新浦安エリア","要確認","","","","","","","","","","","","","","","","","掲載方針により名称・エリア・カテゴリのみ掲載","","","2026-06-26","","","","","","","m4-design-hotel","","","","","","M4 design hotel","","","","","","","",""
"ホテルリバーサイド東京ベイ","D","名称・カテゴリのみ掲載","ファッションホテル","要確認","要確認","要確認","要確認","要確認","","","","","","要確認","新浦安エリア","要確認","","","","","","","","","","","","","","","","","掲載方針により名称・エリア・カテゴリのみ掲載","","","2026-06-26","","","","","","","hotel-riverside-tokyo-bay","","","","","","ホテルリバーサイド東京ベイ","","","","","","","",""
"ホテルダイヤモンド","F","名称・カテゴリのみ掲載","ファッションホテル","要確認","要確認","要確認","要確認","要確認","","","","","","要確認","浦安駅エリア","要確認","","","","","","","","","","","","","","","","","掲載方針により名称・エリア・カテゴリのみ掲載","","","2026-06-26","","","","","","","hotel-diamond","","","","","","ホテルダイヤモンド","","","","","","","",""
"Premium hotel MONday 舞浜ビューⅠ","G","通常掲載","その他のホテル","〒134-0085 東京都江戸川区南葛西6-2-22","03-3804-3977","https://hotel-monday.com/maihama1/","TDRへ無料シャトルバス運行。葛西臨海公園駅からバス約7分「南葛西中学校前」下車徒歩約4分","TDL/TDSとも無料シャトル＋舞浜駅経由","無料シャトルでTDRへ直行","なし","","","","なし","葛西臨海公園駅（JR京葉線）","葛西臨海公園駅からバス約7分（南葛西中学校前下車徒歩約4分）","TDRへ無料シャトル運行","徒歩圏外","葛西臨海公園駅から京葉線で新浦安・舞浜へ","葛西臨海公園駅からJR京葉線で東京駅まで約15分","東京駅経由で約60分","要確認","近隣にコンビニあり（南葛西）","近隣にスーパーあり（南葛西）","全57室・最大約56㎡、4〜6名対応のファミリー/グループ向け","あり（5:00〜翌1:00・サウナ付）","要確認","あり（6台・屋外・3,000円/泊・予約制）","要確認","館内レストラン「GOOD PIZZA FACTORY K6」でビュッフェ（朝食付プランあり）","IN15:00〜26:00 / OUT11:00","客室Wi-Fi無料","2025年12月5日開業・5階建/全57室のアパートメント型ホテル。TDRへ無料シャトル運行、舞浜・東京・銀座方面へのアクセスも良好。","2名 11,000円〜（変動制）","2025年12月開業・TDR無料シャトル運行","2026-06-27","Premium hotel MONday Maihama View I","","","https://hotel-monday.com/maihama1/?wovn=en","","","premium-monday-maihama-view-1","35.644359","139.877470","bath:サウナ;shuttle","11000","2025年12月開業・TDR無料シャトル","Premium hotel MONday 舞浜ビューⅠ","","","","","","","",""
"ホテルシーサイド江戸川","G","通常掲載","その他のホテル","〒134-0086 東京都江戸川区臨海町6-2-2（葛西臨海公園内）","03-3804-1180","https://www.h-seaside.jp/","JR京葉線「葛西臨海公園」駅から舞浜まで1駅。駅徒歩3分","TDL/TDSとも舞浜駅→リゾートライン","TDR直通シャトルなし（JR京葉線で舞浜へ1駅）","なし","","","","なし","葛西臨海公園駅（JR京葉線）","JR京葉線葛西臨海公園駅から徒歩約3分","JR京葉線で舞浜へ1駅","徒歩圏外","JR京葉線で新浦安・舞浜方面へ","葛西臨海公園駅からJR京葉線で東京駅まで約15分","東京駅経由で約60分","要確認","葛西臨海公園内・周辺（要確認）","要確認（公園内立地）","全29室（特別/一般の洋室・和室。ベイエリアで希少な和室14室）","あり（男女各1の大浴場）","要確認","葛西臨海公園駐車場利用（宿泊者は駐車券無料処理・予約不可）","あり（クローク預かり。貴重品・前金不可）","朝食7:30〜9:00","IN14:00〜22:00 / OUT10:00","要確認","24万坪の葛西臨海公園内に建つアーバンリゾート。全29室・4タイプで和室14室あり。宿泊者用無料駐車場。葛西臨海公園駅徒歩3分。","2名 16,000円〜（変動制）","葛西臨海公園内・和室ありのベイリゾート","2026-06-27","Hotel Seaside Edogawa","","","https://www.h-seaside.jp/","","","hotel-seaside-edogawa","35.642820","139.859376","bath","16000","葛西臨海公園内・駅徒歩3分・和室あり","ホテルシーサイド江戸川","","","","","","","",""
"CVS・BAY HOTEL","G","通常掲載","その他のホテル","〒272-0127 千葉県市川市塩浜2-33-1（本館）","047-390-3300","https://cvs-bay-hotel.com/","JR京葉線「市川塩浜」駅隣接。舞浜駅まで2駅約6分（TDR直通シャトルなし）","TDL/TDSとも舞浜駅→リゾートライン","TDR直通シャトルなし（JR京葉線2駅）","なし","","","","なし","市川塩浜駅（JR京葉線）","JR京葉線市川塩浜駅に隣接（改札南口直近）","JR京葉線で舞浜まで2駅約6分","徒歩圏外","JR京葉線で新浦安1駅・舞浜2駅","JR京葉線で東京駅まで約22分","約65分","要確認","1Fにコンビニ","要確認","本館/ベイタワー/新館 計約256室。シングル〜ファミリー、女性専用カプセル(ユニット)あり","大浴場あり（現在利用停止中・要確認）","要確認","専用なし（提携タイムズ駐車場・1,500円目安・割引券）","要確認","朝食ビュッフェあり（プランによる）","IN15:00〜25:00 / OUT10:00","あり（全室LAN/Wi-Fi）","市川塩浜駅隣接のビジネスホテル。本館・新館。スタンダード〜ファミリー、女性専用カプセルもあり。無料朝食ビュッフェ。舞浜まで2駅6分。","2名 5,610円〜（カプセル3,600円〜）","市川塩浜駅隣接・舞浜2駅6分のコスパ宿","2026-06-27","CVS BAY HOTEL","","","https://cvs-bay-hotel.com/","","","cvs-bay-hotel","35.666803","139.923990","convenience","5610","市川塩浜駅隣接・舞浜2駅6分","CVS・BAY HOTEL","","","","","https://hb.afl.rakuten.co.jp/hgc/5555fa03.3f01cc2a.5555fa04.2c37c5e2/?pc=https%3A%2F%2Ftravel.rakuten.co.jp%2FHOTEL%2F84838%2F84838.html&link_type=hybrid_url&ut=eyJwYWdlIjoiaXRlbSIsInR5cGUiOiJoeWJyaWRfdXJsIiwic2l6ZSI6IjEwMHgxMDAiLCJuYW0iOjEsIm5hbXAiOiJyaWdodCIsImNvbSI6MSwiY29tcCI6ImRvd24iLCJwcmljZSI6MCwiYm9yIjoxLCJjb2wiOjEsImJidG4iOjEsInByb2QiOjAsImFtcCI6ZmFsc2V9","","",""
"ホテルイルフィオーレ葛西","G","通常掲載","その他のホテル","〒134-0084 東京都江戸川区東葛西6-5-8","03-3877-0888","https://hotelilfiore.com/","東京メトロ東西線「葛西」駅徒歩3分。TDRまで約25分","TDL/TDSとも舞浜駅→リゾートライン","TDR直通シャトルなし（京成バス・電車利用）","なし","","","","なし","葛西駅（東京メトロ東西線）","最寄りは東京メトロ東西線葛西駅（JR最寄りは葛西臨海公園駅）","葛西駅から京成バスでTDRへ約20分","徒歩圏外","東西線で浦安駅へ1駅（約2分）","東西線で大手町まで約20分・日本橋約18分","電車・バス乗継で約50〜60分","電車乗継で約70〜90分","葛西駅周辺にコンビニ多数","葛西駅周辺にスーパーあり（アリオ葛西等）","全128室。ハリウッドツイン/ツイン/ファミリー(最大4名)。小学生以下添寝無料","要確認（公式に記載なし）","あり","あり（10台・1,650円/泊・先着順予約不可）","要確認","朝食あり（15〜20時フリードリンク）","IN15:00 / OUT10:00","全室Wi-Fi無料","葛西駅徒歩3分・全128室。シングル〜最大5名ファミリールーム。レストラン・コインランドリー・駐車場約10台。15〜20時フリードリンク。TDRまで約25分。","2名 7,860円〜","葛西駅徒歩3分・ファミリー対応のデザイナーズ系","2026-06-27","Hotel Il Fiore Kasai","","","https://hotelilfiore.com/","","","hotel-ilfiore-kasai","35.662815","139.874746","laundry","7860","葛西駅徒歩3分・最大5名対応","ホテルイルフィオーレ葛西","","","","","","","",""
"ホテルイルフィオーレ葛西 ANNEX","G","通常掲載","その他のホテル","〒134-0084 東京都江戸川区東葛西6-1-7","03-6808-5220","https://hotelilfiore-annex.com/","東京メトロ東西線「葛西」駅徒歩3分。TDRまで約20分","TDL/TDSとも舞浜駅→リゾートライン","TDR直通シャトルなし（京成バス・電車利用）","なし","","","","なし","葛西駅（東京メトロ東西線）","最寄りは東京メトロ東西線葛西駅（JR最寄りは葛西臨海公園駅）","葛西駅から京成バスでTDRへ約20分","徒歩圏外","東西線で浦安駅へ1駅（約2分）","東西線で大手町まで約20分・日本橋約18分","電車・バス乗継で約50〜60分","電車乗継で約70〜90分","葛西駅周辺にコンビニ多数","葛西駅周辺にスーパーあり（アリオ葛西等）","ダブル/ハリウッドツイン/スタンダードツイン(最大4名)/デラックス(最大6名)","なし","あり（1F）","要確認","要確認","要確認（1Fフリードリンク・電子レンジ・自販機あり）","IN15:00〜24:00 / OUT10:00","全室Wi-Fi無料（1Fフリードリンクコーナー）","イルフィオーレ葛西の別館（ANNEX）。葛西駅徒歩3分、TDRまで約20分。","2名 5,500円〜（変動制）","葛西駅徒歩3分・イルフィオーレ別館","2026-06-27","Hotel Il Fiore Kasai ANNEX","","","https://hotelilfiore-annex.com/","","","hotel-ilfiore-kasai-annex","35.661294","139.873346","laundry","5500","葛西駅徒歩3分・イルフィオーレ別館","ホテルイルフィオーレ葛西 ANNEX","","","","","","","",""
"ホテルルミエール葛西","G","通常掲載","その他のホテル","〒134-0083 東京都江戸川区中葛西5-41-20","03-6663-2711","https://www.hotel-lumiere.jp/kasai/","東京メトロ東西線「葛西」駅徒歩約2分","TDL/TDSとも舞浜駅→リゾートライン","TDR直通シャトルなし（京成バス・電車利用）","なし","","","","なし","葛西駅（東京メトロ東西線）","最寄りは東京メトロ東西線葛西駅（JR最寄りは葛西臨海公園駅）","葛西駅から京成バスでTDRへ約20分","徒歩圏外","東西線で浦安駅へ1駅（約2分）","東西線で大手町まで約20分・日本橋約18分","電車・バス乗継で約50〜60分","電車乗継で約70〜90分","葛西駅周辺にコンビニ多数","葛西駅周辺にスーパーあり（アリオ葛西等）","シングル/ダブル/ツイン(電子レンジ・ミニキッチン付)","なし","あり（5F/8F/11F・洗濯機300円/乾燥機200円）","あり（機械式立体50台・1,500円/泊・予約制・車両サイズ制限）","あり（チェックイン前後対応）","1Fラウンジで無料朝食6:30〜10:00（パン・卵料理・サラダ等）","IN15:00 / OUT10:00","全館無料Wi-Fi","葛西駅徒歩約2分のビジネスホテル。駐車場あり。東西線で浦安・東京方面へアクセス良好。","2名 9,700円〜（朝食付・変動制）","葛西駅徒歩2分のビジネスホテル","2026-06-27","Hotel Lumiere Kasai","","","https://www.hotel-lumiere.jp/kasai/","","","hotel-lumiere-kasai","35.661161","139.872502","laundry","9700","葛西駅徒歩2分のビジネスホテル","ホテルルミエール葛西","","","","","","","",""
"ホテルリブマックス葛西駅前","G","通常掲載","その他のホテル","〒134-0084 東京都江戸川区東葛西6-1-3","03-3675-0600","https://www.hotel-livemax.com/tokyo/kasaist/","東京メトロ東西線「葛西」駅徒歩約3分。TDRへ京成バス約20分","TDL/TDSとも舞浜駅→リゾートライン","TDR直通シャトルなし（京成バス・電車利用）","なし","","","","なし","葛西駅（東京メトロ東西線）","最寄りは東京メトロ東西線葛西駅（JR最寄りは葛西臨海公園駅）","葛西駅から京成バスでTDRへ約20分","徒歩圏外","東西線で浦安駅へ1駅（約2分）","東西線で大手町まで約20分・日本橋約18分","約35分","電車乗継で約70〜90分","葛西駅周辺にコンビニ多数","葛西駅周辺にスーパーあり（アリオ葛西等）","全57室（シングル49/ツイン8）・11〜23㎡。電子レンジ・シャワートイレ完備","なし","あり（MAX WASH & CAFE・カフェ併設）","あり（裏手コインパーキング20台・最大2,100円/24h）","要確認","一時休止中（要確認）","IN15:00 / OUT10:00","無料Wi-Fiあり","リブマックス系列のビジネスホテル。葛西駅徒歩約3分、TDRへ京成バス約20分、東京駅まで約23分。","2名 5,000円〜（変動制）","葛西駅徒歩3分・TDRバス約20分","2026-06-27","HOTEL LiVEMAX Kasai-Ekimae","","","https://www.hotel-livemax.com/tokyo/kasaist/","","","livemax-kasai-ekimae","35.660810","139.873359","laundry","5000","葛西駅徒歩3分・TDRバス約20分","ホテルリブマックス葛西駅前","","","","","","","",""
"スーパーホテル東西線・市川・妙典駅前","G","通常掲載","その他のホテル","〒272-0111 千葉県市川市妙典4-4-27 妙典センタービル","047-397-9000","https://www.superhotel.co.jp/s_hotels/myoden/","東京メトロ東西線「妙典」駅前。東西線で浦安・舞浜方面へ","TDL/TDSとも舞浜駅経由","TDR直通シャトルなし（東西線→西船橋→京葉線 等）","なし","","","","なし","妙典駅（東京メトロ東西線）","東京メトロ東西線妙典駅から徒歩約2分","妙典駅→西船橋→JR京葉線で舞浜へ","徒歩圏外","東西線で浦安駅へ（約7分）","東西線で大手町まで約25分","約60分","要確認","妙典駅前にコンビニ・商業施設","妙典駅前に商業施設あり","要確認（全室ユニットバス）","なし（全室ユニットバス）","あり","あり（50台・先着順）","あり（当日・チェックアウト当日中）","無料朝食ビュッフェ（月〜土6:30〜8:30／日祝〜9:00・有機野菜・焼きたてパン）","IN15:00 / OUT10:00","あり（Wi-Fi）","スーパーホテル系列。妙典駅前で東西線により浦安・大手町方面へアクセス良好。健康朝食付きプランが中心。","1名 7,400円〜（朝食付・変動制）","妙典駅前・東西線で浦安へ","2026-06-27","Super Hotel Tozai Line Ichikawa-Myoden","","","https://www.superhotel.co.jp/s_hotels/myoden/","","","superhotel-myoden","35.691631","139.926597","laundry","7400","妙典駅前・東西線で浦安へ","スーパーホテル 市川・妙典駅前","","","","","https://hb.afl.rakuten.co.jp/hgc/5555fa03.3f01cc2a.5555fa04.2c37c5e2/?pc=https%3A%2F%2Ftravel.rakuten.co.jp%2FHOTEL%2F40250%2F40250.html&link_type=hybrid_url&ut=eyJwYWdlIjoiaXRlbSIsInR5cGUiOiJoeWJyaWRfdXJsIiwic2l6ZSI6IjEwMHgxMDAiLCJuYW0iOjEsIm5hbXAiOiJyaWdodCIsImNvbSI6MSwiY29tcCI6ImRvd24iLCJwcmljZSI6MCwiYm9yIjoxLCJjb2wiOjEsImJidG4iOjEsInByb2QiOjAsImFtcCI6ZmFsc2V9","","",""
"GRAND MONday Resort 東京ベイ舞浜","B","名称・カテゴリのみ掲載","その他のホテル","千葉県浦安市千鳥15-9","03-6453-0144","https://hotel-monday.com/resort/maihama/","舞浜駅まで無料シャトル約9分（6〜23時運行）","","","","","","","","舞浜駅（JR京葉線・無料シャトル約9分）","","","","","","","","","","","","","","","","","","2026年7月18日開業予定・全140室すべてオーシャンフロント。通年営業ラグーンプール「MAIHAMA LAGOON」、バレルサウナ、大浴場、キッズプール、プールサイドBBQを備えるアーバンリゾート。運営はhotel MONday Group（株式会社JHAT）。舞浜駅まで無料シャトル約9分。","予約サイトで要確認（2026年7月18日開業予定）","舞浜唯一の全室オーシャンフロント×通年ラグーンプール","2026-06-27","GRAND MONday Resort Tokyo Bay Maihama","","","https://hotel-monday.com/resort/maihama/?wovn=en","","","grand-monday-resort-maihama","","","","","2026年7月18日開業予定・全室オーシャンフロント","GRAND MONday Resort 東京ベイ舞浜","","","","","","","",""
